Price in Rupees,Company,series,color,Full HD,HD,ScreenSize(in cm),FWVGA,Other Displays,RAM,ROM,Expandable,Battery(in mAh),Brand,Model,Main_Camera_MP,Front_Camera_MP,Main_Camera_Count,Front_Camera_Count
7999.0,Redmi,8,Onyx Black,0,1,15.8,0,0,4.0,64.0,512.0,5000.0,Qualcomm,439,2,8,3,1
9999.0,Redmi,Note,Sapphire Blue,1,1,16.0,0,0,4.0,64.0,256.0,4000.0,Qualcomm,AIE,8,3,3,1
6999.0,Redmi,8A,Ocean Blue,0,1,15.8,0,0,3.0,32.0,512.0,5000.0,Qualcomm,439,2,8,2,1
10999.0,Redmi,Note,Neptune Blue,1,1,16.0,0,0,4.0,64.0,256.0,4000.0,Qualcomm,675,8,3,3,1
7999.0,Redmi,8,Sapphire Blue,0,1,15.8,0,0,4.0,64.0,512.0,5000.0,Qualcomm,439,2,8,3,1
9999.0,Realme,3i,Diamond Blue,0,1,15.8,0,0,4.0,64.0,256.0,4230.0,MediaTek,GHz,3,3,3,1
9999.0,Realme,3i,Diamond Black,0,1,15.8,0,0,4.0,64.0,256.0,4230.0,MediaTek,GHz,3,3,3,1
7999.0,Realme,3i,Diamond Blue,0,1,15.8,0,0,3.0,32.0,256.0,4230.0,MediaTek,GHz,3,3,3,1
9999.0,Realme,3i,Diamond Red,0,1,15.8,0,0,4.0,64.0,256.0,4230.0,MediaTek,GHz,3,3,3,1
7999.0,Realme,3i,Diamond Black,0,1,15.8,0,0,3.0,32.0,256.0,4230.0,MediaTek,GHz,3,3,3,1
7999.0,Redmi,8,Ruby Red,0,1,15.8,0,0,4.0,64.0,512.0,5000.0,Qualcomm,439,2,8,3,1
5499.0,Redmi,7A,Matte Blue,0,1,13.84,0,0,2.0,32.0,256.0,4000.0,Qualcomm,439,2,5,2,1
6999.0,Redmi,8A,Midnight Black,0,1,15.8,0,0,3.0,32.0,512.0,5000.0,Qualcomm,439,2,8,2,1
10799.0,Mi,A2,Red,1,1,15.21,0,0,3.0,32.0,128.0,3010.0,Qualcomm,AIE,0,0,3,1
9999.0,Realme,5s,Crystal Blue,0,1,16.51,0,0,4.0,64.0,256.0,5000.0,Qualcomm,665,8,3,5,1
10999.0,Realme,5s,Crystal Blue,0,1,16.51,0,0,4.0,128.0,256.0,5000.0,Qualcomm,665,8,3,5,1
9999.0,Realme,5s,Crystal Red,0,1,16.51,0,0,4.0,64.0,256.0,5000.0,Qualcomm,665,8,3,5,1
10999.0,Realme,5s,Crystal Purple,0,1,16.51,0,0,4.0,128.0,256.0,5000.0,Qualcomm,665,8,3,5,1
10999.0,Realme,5s,Crystal Red,0,1,16.51,0,0,4.0,128.0,256.0,5000.0,Qualcomm,665,8,3,5,1
4999.0,Kult,Impulse,Black,0,1,15.21,0,0,3.0,32.0,64.0,4000.0,MTK,6739,3,0,1,0
9999.0,Realme,5s,Crystal Purple,0,1,16.51,0,0,4.0,64.0,256.0,5000.0,Qualcomm,665,8,3,5,1
6499.0,Redmi,8A,Ocean Blue,0,1,15.8,0,0,2.0,32.0,512.0,5000.0,Qualcomm,439,2,8,2,1
10999.0,Redmi,Note,Space Black,1,1,16.0,0,0,4.0,64.0,256.0,4000.0,Qualcomm,675,8,3,3,1
16999.0,Realme,5,Crystal Green,1,1,16.0,0,0,8.0,128.0,256.0,4035.0,Qualcomm,GHz,8,6,5,1
14999.0,Realme,5,Crystal Green,1,1,16.0,0,0,6.0,64.0,256.0,4035.0,Qualcomm,GHz,8,6,5,1
7499.0,Realme,C2,Diamond Black,0,1,15.49,0,0,3.0,32.0,256.0,4000.0,MediaTek,GHz,3,5,3,1
9999.0,Realme,3,Lightning Purple,1,1,16.0,0,0,4.0,64.0,256.0,4045.0,Qualcomm,AIE,6,5,3,1
12999.0,Realme,3,Nitro Blue,1,1,16.0,0,0,6.0,128.0,256.0,4045.0,Qualcomm,AIE,6,5,3,1
10799.0,Mi,A2,Red,1,1,15.21,0,0,3.0,32.0,128.0,3010.0,Qualcomm,AIE,0,0,3,1
11999.0,Realme,3,Lightning Purple,1,1,16.0,0,0,6.0,64.0,256.0,4045.0,Qualcomm,AIE,6,5,3,1
12999.0,Realme,3,Lightning Purple,1,1,16.0,0,0,6.0,128.0,256.0,4045.0,Qualcomm,AIE,6,5,3,1
7999.0,Infinix,S5,Quetzal Cyan,0,1,16.76,0,0,4.0,64.0,256.0,4000.0,MTK,MTK,6,6,3,1
4999.0,Kult,Impulse,Black,0,1,15.21,0,0,3.0,32.0,64.0,4000.0,MTK,6739,3,0,1,0
7999.0,Infinix,S5,Violet,0,1,16.76,0,0,4.0,64.0,256.0,4000.0,MTK,MTK,6,6,3,1
18999.0,Realme,XT,Pearl Blue,0,0,16.26,0,1,8.0,128.0,256.0,4000.0,Qualcomm,712,4,6,5,1
15999.0,Realme,XT,Pearl White,0,0,16.26,0,1,4.0,64.0,256.0,4000.0,Qualcomm,712,4,6,5,1
16999.0,Realme,XT,Pearl White,0,0,16.26,0,1,6.0,64.0,256.0,4000.0,Qualcomm,712,4,6,5,1
9999.0,Realme,3,Nitro Blue,1,1,16.0,0,0,4.0,64.0,256.0,4045.0,Qualcomm,AIE,6,5,3,1
6499.0,Redmi,8A,Sunset Red,0,1,15.8,0,0,2.0,32.0,512.0,5000.0,Qualcomm,439,2,8,2,1
9999.0,Realme,5,Crystal Blue,0,1,16.51,0,0,4.0,64.0,256.0,3050.0,Qualcomm,GHz,2,3,5,1
8999.0,Realme,5,Crystal Blue,0,1,16.51,0,0,3.0,32.0,256.0,3050.0,Qualcomm,GHz,2,3,5,1
4999.0,Kult,Impulse,Blue,0,1,15.21,0,0,3.0,32.0,64.0,4000.0,MTK,6739,3,0,1,0
9999.0,Realme,5,Crystal Purple,0,1,16.51,0,0,4.0,64.0,256.0,3050.0,Qualcomm,GHz,2,3,5,1
10999.0,Realme,5,Crystal Blue,0,1,16.51,0,0,4.0,128.0,256.0,3050.0,Qualcomm,GHz,2,3,5,1
10999.0,Realme,5,Crystal Purple,0,1,16.51,0,0,4.0,128.0,256.0,3050.0,Qualcomm,GHz,2,3,4,1
8999.0,Realme,5,Crystal Purple,0,1,16.51,0,0,3.0,32.0,256.0,3050.0,Qualcomm,GHz,2,3,4,1
27999.0,Apple,iPhone,Rose Gold,0,1,11.94,0,0,3.0,32.0,128.0,3050.0,Apple,Apple,2,7,2,1
10799.0,Mi,A2,Red,1,1,15.21,0,0,3.0,32.0,128.0,3010.0,Qualcomm,AIE,0,0,3,1
15990.0,OPPO,F11,Thunder Black,1,1,16.51,0,0,6.0,64.0,256.0,4000.0,MediaTek,GHz,8,6,3,1
27999.0,Apple,iPhone,Gold,0,1,11.94,0,0,3.0,32.0,128.0,3050.0,Apple,Apple,2,7,2,1
17990.0,Vivo,Z1x,Phantom Purple,1,1,16.21,0,0,3.0,32.0,128.0,4500.0,Qualcomm,AIE,8,2,4,1
4999.0,Kult,Impulse,Black,0,1,15.21,0,0,3.0,32.0,64.0,4000.0,MTK,6739,3,0,1,0
17990.0,Vivo,Z1x,Fusion Blue,1,1,16.21,0,0,3.0,32.0,128.0,4500.0,Qualcomm,AIE,8,2,4,1
10999.0,Redmi,Note,Astro Moonlight White,1,1,16.0,0,0,4.0,64.0,256.0,4000.0,Qualcomm,675,8,3,3,1
5299.0,Redmi,7A,Matte Black,0,1,13.84,0,0,2.0,16.0,256.0,4000.0,Qualcomm,439,2,5,2,1
10999.0,Honor,20i,Midnight Black,1,1,15.77,0,0,4.0,128.0,512.0,3400.0,HiSilicon,710,4,2,4,1
15990.0,OPPO,F11,Aurora Green,1,1,16.51,0,0,6.0,64.0,256.0,4000.0,MediaTek,GHz,8,6,3,1
8999.0,Redmi,Note,Astro Moonlight White,1,1,16.0,0,0,3.0,32.0,256.0,4000.0,Qualcomm,AIE,8,3,3,1
10999.0,Honor,20i,Phantom Blue,1,1,15.77,0,0,4.0,128.0,512.0,3400.0,HiSilicon,710,4,2,4,1
7999.0,Realme,3,Dynamic Black,0,1,15.8,0,0,3.0,32.0,256.0,4230.0,MediaTek,AI,3,3,3,1
4999.0,Kult,Impulse,Blue,0,1,15.21,0,0,3.0,32.0,64.0,4000.0,MTK,6739,3,0,1,0
9999.0,Realme,3,Radiant Blue,0,1,15.8,0,0,4.0,64.0,256.0,4230.0,MediaTek,AI,3,3,3,1
7999.0,Realme,3,Radiant Blue,0,1,15.8,0,0,3.0,32.0,256.0,4230.0,MediaTek,AI,3,3,3,1
9999.0,Realme,3,Diamond Red,0,1,15.8,0,0,4.0,64.0,256.0,4230.0,MediaTek,AI,3,3,3,1
9999.0,Realme,3,Dynamic Black,0,1,15.8,0,0,4.0,64.0,256.0,4230.0,MediaTek,AI,3,3,3,1
8999.0,Realme,3,Radiant Blue,0,1,15.8,0,0,3.0,64.0,256.0,4230.0,MediaTek,AI,3,3,3,1
3899.0,Karbonn,Aura,Champagne,0,0,12.7,0,1,1.0,16.0,32.0,4000.0,Mediatek,Mediatek,5,5,2,1
4499.0,Redmi,Go,Blue,0,1,12.7,0,0,1.0,16.0,128.0,3000.0,Qualcomm,425,8,5,2,1
8999.0,Realme,3,Dynamic Black,0,1,15.8,0,0,3.0,64.0,256.0,4230.0,MediaTek,AI,3,3,3,1
10799.0,Mi,A2,Red,1,1,15.21,0,0,3.0,32.0,128.0,3010.0,Qualcomm,AIE,0,0,3,1
33999.0,Realme,X2,Lunar White,1,1,16.51,0,0,3.0,32.0,128.0,4000.0,Qualcomm,Plus,4,6,5,1
29999.0,Realme,X2,Lunar White,1,1,16.51,0,0,3.0,32.0,128.0,4000.0,Qualcomm,Plus,4,6,5,1
29999.0,Realme,X2,Neptune Blue,1,1,16.51,0,0,3.0,32.0,128.0,4000.0,Qualcomm,Plus,4,6,5,1
33999.0,Realme,X2,Neptune Blue,1,1,16.51,0,0,3.0,32.0,128.0,4000.0,Qualcomm,Plus,4,6,5,1
11990.0,Vivo,Y15,Aqua Blue,0,1,16.13,0,0,4.0,64.0,256.0,5000.0,MediaTek,P22,3,6,4,1
4999.0,Kult,Impulse,Black,0,1,15.21,0,0,3.0,32.0,64.0,4000.0,MTK,6739,3,0,1,0
11990.0,Vivo,Y15,Burgundy Red,0,1,16.13,0,0,4.0,64.0,256.0,5000.0,MediaTek,P22,3,6,4,1
7999.0,Asus,ZenFone,Black,0,1,15.9,0,0,3.0,32.0,128.0,4000.0,Qualcomm,Core,3,8,3,1
7999.0,Asus,ZenFone,Silver,0,1,15.9,0,0,3.0,32.0,128.0,4000.0,Qualcomm,Core,3,8,3,1
16999.0,Realme,X,Space Blue,1,1,16.59,0,0,3.0,32.0,128.0,3765.0,Qualcomm,AIE,8,6,3,1
19999.0,Realme,X,Space Blue,1,1,16.59,0,0,3.0,32.0,128.0,3765.0,Qualcomm,AIE,8,6,3,1
19999.0,Realme,X,Polar White,1,1,16.59,0,0,3.0,32.0,128.0,3765.0,Qualcomm,AIE,8,6,3,1
4499.0,Redmi,Go,Black,0,1,12.7,0,0,1.0,16.0,128.0,3000.0,Qualcomm,425,8,5,2,1
8490.0,Vivo,Y91,Starry Black,0,1,15.8,0,0,3.0,32.0,256.0,4030.0,Qualcomm,439,3,8,3,1
4999.0,Kult,Impulse,Blue,0,1,15.21,0,0,3.0,32.0,64.0,4000.0,MTK,6739,3,0,1,0
36999.0,Apple,iPhone,Gold,0,1,11.94,0,0,3.0,32.0,128.0,3050.0,Apple,Apple,2,7,2,1
10439.0,Redmi,Note,Gold,1,1,15.21,0,0,6.0,64.0,128.0,4000.0,Qualcomm,636,2,0,3,1
3999.0,Yu,Ace,Rose Gold,0,1,13.84,0,0,2.0,16.0,128.0,4000.0,Yu,MT6739WW,3,5,2,1
3899.0,Karbonn,Aura,Champagne,0,0,12.7,0,1,1.0,16.0,32.0,4000.0,Mediatek,Mediatek,5,5,2,1
10999.0,Honor,10,Sapphire Blue,1,1,15.77,0,0,4.0,64.0,512.0,3400.0,Honor,Core,3,4,3,1
8499.0,Honor,10,Midnight Black,1,1,15.77,0,0,3.0,32.0,512.0,3400.0,Honor,Core,3,4,3,1
10999.0,Redmi,Y3,Elegant Blue,0,1,15.9,0,0,4.0,64.0,512.0,4000.0,Qualcomm,632,2,2,3,1
19990.0,Vivo,V15,Topaz Blue,1,1,16.23,0,0,6.0,128.0,256.0,3700.0,Qualcomm,0GHz,8,2,4,1
8380.0,Redmi,Y3,Prime Black,0,1,15.9,0,0,3.0,32.0,512.0,4000.0,Qualcomm,632,2,2,3,1
10799.0,Mi,A2,Red,1,1,15.21,0,0,3.0,32.0,128.0,3010.0,Qualcomm,AIE,0,0,3,1
12999.0,Redmi,Note,Nebula Red,1,1,16.0,0,0,6.0,64.0,256.0,4000.0,Qualcomm,675,8,3,3,1
10999.0,Realme,2,Blue Ocean,1,1,16.0,0,0,6.0,64.0,256.0,3500.0,Qualcomm,AIE,6,6,3,1
27990.0,Vivo,V17Pro,Midnight Ocean Black,1,1,16.36,0,0,3.0,32.0,128.0,4100.0,Qualcomm,AIE,8,0,6,0
4999.0,Kult,Impulse,Black,0,1,15.21,0,0,3.0,32.0,64.0,4000.0,MTK,6739,3,0,1,0
13990.0,Vivo,Y19,Spring White,1,1,16.59,0,0,4.0,128.0,256.0,5000.0,Vivo,P65,6,6,4,1
9499.0,Moto,G7,Black,1,1,15.75,0,0,4.0,64.0,512.0,3000.0,Qualcomm,632,2,8,3,1
15990.0,Vivo,S1,Diamond Black,1,1,16.21,0,0,4.0,128.0,256.0,4500.0,Vivo,Vivo,6,2,4,1
17990.0,Vivo,S1,Diamond Black,1,1,16.21,0,0,6.0,64.0,256.0,4500.0,Vivo,Vivo,6,2,4,1
17990.0,Vivo,S1,Skyline Blue,1,1,16.21,0,0,6.0,128.0,256.0,4500.0,Vivo,Vivo,6,2,4,1
15990.0,Vivo,S1,Skyline Blue,1,1,16.21,0,0,4.0,128.0,256.0,4500.0,Vivo,Vivo,6,2,4,1
9499.0,Asus,ZenFone,Black,0,1,15.9,0,0,3.0,32.0,128.0,4000.0,Qualcomm,Core,3,8,3,1
9999.0,Honor,9N,Midnight Black,0,0,14.83,0,1,4.0,128.0,256.0,3000.0,Honor,Core,3,6,3,1
4999.0,Kult,Impulse,Blue,0,1,15.21,0,0,3.0,32.0,64.0,4000.0,MTK,6739,3,0,1,0
7999.0,Honor,9N,Sapphire Blue,0,0,14.83,0,1,3.0,32.0,256.0,3000.0,Honor,Core,3,6,3,1
19999.0,Redmi,K20,Flame Red,1,1,16.23,0,0,3.0,32.0,128.0,4000.0,Qualcomm,730,8,0,4,1
12899.0,Mi,A3,Kind of Grey,0,1,15.44,0,0,4.0,64.0,256.0,4030.0,Qualcomm,core,8,2,3,1
15990.0,OPPO,A9,Marine Green,0,0,16.51,0,1,3.0,32.0,128.0,5000.0,Qualcomm,SM6125,8,6,5,1
3899.0,Karbonn,Aura,Champagne,0,0,12.7,0,1,1.0,16.0,32.0,4000.0,Mediatek,Mediatek,5,5,2,1
28999.0,Redmi,K20,Glacier Blue,1,1,16.23,0,0,3.0,32.0,128.0,4000.0,Qualcomm,855,8,0,4,1
4999.0,Kult,Impulse,Black,0,1,15.21,0,0,3.0,32.0,64.0,4000.0,MTK,6739,3,0,1,0
10999.0,Lenovo,K10,Sprite,0,1,15.8,0,0,3.0,32.0,128.0,4050.0,Qualcomm,SDM632,3,6,4,1
9990.0,OPPO,A3s,Red,0,1,15.75,0,0,4.0,64.0,256.0,4230.0,Qualcomm,450,3,8,3,1
18999.0,POCO,F1,Steel Blue,1,1,15.7,0,0,8.0,256.0,256.0,4000.0,Qualcomm,845,2,0,3,1
17990.0,Vivo,S1,Skyline Blue,1,1,16.21,0,0,6.0,64.0,256.0,4500.0,Vivo,Vivo,6,2,4,1
5575.0,Redmi,6A,Black,0,1,13.84,0,0,2.0,32.0,128.0,3000.0,Redmi,Mediateck,3,0,1,0
10990.0,OPPO,A5s,Green,0,1,15.75,0,0,4.0,64.0,256.0,4230.0,MTK,MT6765,3,8,3,1
10990.0,OPPO,A5s,Gold,0,1,15.75,0,0,4.0,64.0,256.0,4230.0,MTK,MT6765,3,8,3,1
4999.0,Kult,Impulse,Blue,0,1,15.21,0,0,3.0,32.0,64.0,4000.0,MTK,6739,3,0,1,0
8490.0,OPPO,A5s,Black,0,1,15.75,0,0,2.0,32.0,256.0,4230.0,MTK,MT6765,3,8,3,1
6490.0,Vivo,Y90,Black,0,1,15.8,0,0,2.0,16.0,256.0,4030.0,MediaTek,A22,8,5,2,1
8990.0,OPPO,A5s,Blue,0,1,15.75,0,0,3.0,32.0,256.0,4230.0,MTK,MT6765,3,8,3,1
8990.0,OPPO,A5s,Black,0,1,15.75,0,0,3.0,32.0,256.0,4230.0,MTK,MT6765,3,8,3,1
6490.0,Vivo,Y90,Gold,0,1,15.8,0,0,2.0,16.0,256.0,4030.0,MediaTek,A22,8,5,2,1
3899.0,Karbonn,Aura,Champagne,0,0,12.7,0,1,1.0,16.0,32.0,4000.0,Mediatek,Mediatek,5,5,2,1
8490.0,OPPO,A5s,Blue,0,1,15.75,0,0,2.0,32.0,256.0,4230.0,MTK,MT6765,3,8,3,1
8490.0,OPPO,A5s,Red,0,1,15.75,0,0,2.0,32.0,256.0,4230.0,MTK,MT6765,3,8,3,1
49900.0,Apple,iPhone,Black,0,0,15.49,0,1,3.0,32.0,128.0,3050.0,Apple,Apple,2,7,2,1
3390.0,Karbonn,K9,Black Sandstone/Black Gold,0,0,12.7,0,1,1.0,8.0,8.0,2300.0,Karbonn,1GHz,5,0,1,0
12999.0,Realme,2,Blue Ocean,1,1,16.0,0,0,8.0,128.0,256.0,3500.0,Qualcomm,AIE,6,6,3,1
15988.0,Mi,A3,Kind of Grey,0,1,15.44,0,0,6.0,128.0,256.0,4030.0,Qualcomm,core,8,2,3,1
19999.0,Samsung,Galaxy,Prism Crush Violet,1,1,16.26,0,0,3.0,32.0,128.0,4000.0,Exynos,9611,8,2,4,1
15999.0,Huawei,Y9,Sapphire Blue,1,1,16.74,0,0,3.0,32.0,128.0,4000.0,HiSilicon,NPU,6,6,4,1
10799.0,Mi,A2,Red,1,1,15.21,0,0,3.0,32.0,128.0,3010.0,Qualcomm,AIE,0,0,3,1
15999.0,Huawei,Y9,Emerald Green,1,1,16.74,0,0,3.0,32.0,128.0,4000.0,HiSilicon,NPU,6,6,4,1
12999.0,Realme,2,Black Sea,1,1,16.0,0,0,8.0,128.0,256.0,3500.0,Qualcomm,AIE,6,6,3,1
13990.0,OPPO,A5,Mirror Black,0,0,16.51,0,1,3.0,32.0,128.0,5000.0,Qualcomm,SM6125,2,8,4,1
4999.0,Kult,Impulse,Black,0,1,15.21,0,0,3.0,32.0,64.0,4000.0,MTK,6739,3,0,1,0
36990.0,OnePlus,7T,Glacier Blue,0,0,16.64,0,1,3.0,32.0,128.0,3800.0,Qualcomm,Plus,6,6,1,1
39999.0,OnePlus,7T,Glacier Blue,0,0,16.64,0,1,3.0,32.0,128.0,3800.0,Qualcomm,Plus,6,6,1,1
13990.0,OPPO,A5,Dazzling White,0,0,16.51,0,1,3.0,32.0,128.0,5000.0,Qualcomm,SM6125,2,8,4,1
3999.0,Yu,Ace,Charcoal Grey,0,1,13.84,0,0,2.0,16.0,128.0,4000.0,Yu,MT6739WW,3,5,2,1
8999.0,Redmi,Note,Gold,1,1,15.21,0,0,4.0,64.0,128.0,4000.0,Qualcomm,625,2,5,2,1
8190.0,Redmi,6,Lake Blue,1,1,14.83,0,0,3.0,32.0,256.0,4000.0,Qualcomm,625,2,5,3,1
4999.0,Kult,Impulse,Blue,0,1,15.21,0,0,3.0,32.0,64.0,4000.0,MTK,6739,3,0,1,0
12990.0,OPPO,A7,Glaring Gold,0,1,15.75,0,0,3.0,64.0,256.0,4230.0,Qualcomm,450,3,6,3,1
22999.0,Redmi,K20,Carbon Black,1,1,16.23,0,0,3.0,32.0,128.0,4000.0,Qualcomm,730,8,0,4,1
26990.0,Vivo,V15,Topaz Blue,1,1,16.23,0,0,8.0,128.0,256.0,3700.0,Qualcomm,0GHz,8,2,3,1
19990.0,Vivo,V15,Ruby Red,1,1,16.23,0,0,6.0,128.0,256.0,3700.0,Qualcomm,0GHz,8,2,3,1
7999.0,Infinix,S4,Nebula Blue,0,1,15.77,0,0,3.0,32.0,256.0,4000.0,Infinix,Core,3,2,4,1
10799.0,Mi,A2,Red,1,1,15.21,0,0,3.0,32.0,128.0,3010.0,Qualcomm,AIE,0,0,3,1
4099.0,Lava,Z51,Gold,0,0,12.7,0,1,1.0,16.0,128.0,2550.0,SC,SC9832E,5,5,2,1
12999.0,Redmi,Note,Black,1,1,15.21,0,0,4.0,64.0,128.0,4000.0,Qualcomm,636,2,0,3,1
4999.0,Kult,Impulse,Black,0,1,15.21,0,0,3.0,32.0,64.0,4000.0,MTK,6739,3,0,1,0
49900.0,Apple,iPhone,Coral,0,0,15.49,0,1,3.0,32.0,128.0,3050.0,Apple,Apple,2,7,2,1
5290.0,Samsung,Galaxy,Dark Gray,0,1,12.7,0,0,1.0,16.0,256.0,2600.0,Exynos,7870,5,5,2,1
10695.0,Redmi,Y3,Bold Red,0,1,15.9,0,0,4.0,64.0,512.0,4000.0,Qualcomm,632,2,2,3,1
4999.0,Kult,Impulse,Blue,0,1,15.21,0,0,3.0,32.0,64.0,4000.0,MTK,6739,3,0,1,0
5290.0,Samsung,Galaxy,Gold,0,1,12.7,0,0,1.0,16.0,256.0,2600.0,Exynos,7870,5,5,2,1
3849.0,Meizu,C9,Gold,1,1,13.84,0,0,2.0,16.0,128.0,3000.0,Meizu,Core,3,8,2,1
9499.0,Samsung,Galaxy,Black,0,1,15.75,0,0,3.0,32.0,512.0,4000.0,MediaTek,MT6762,3,8,3,1
12999.0,Honor,8X,Blue,1,1,16.51,0,0,6.0,64.0,512.0,3750.0,Honor,Core,0,6,3,1
22999.0,Redmi,K20,Pearl White,1,1,16.23,0,0,3.0,32.0,128.0,4000.0,Qualcomm,730,8,0,4,1
3899.0,Karbonn,Aura,Champagne,0,0,12.7,0,1,1.0,16.0,32.0,4000.0,Mediatek,Mediatek,5,5,2,1
9499.0,Samsung,Galaxy,Blue,0,1,15.75,0,0,3.0,32.0,512.0,4000.0,MediaTek,MT6762,3,8,3,1
11999.0,Redmi,Note,Red,1,1,15.9,0,0,4.0,64.0,256.0,4000.0,Qualcomm,636,2,0,4,0
8999.0,Redmi,Y2,Black,0,1,15.21,0,0,3.0,32.0,256.0,3080.0,Qualcomm,625,2,6,3,1
10799.0,Mi,A2,Red,1,1,15.21,0,0,3.0,32.0,128.0,3010.0,Qualcomm,AIE,0,0,3,1
8999.0,Lenovo,K9,Gold,0,1,15.21,0,0,4.0,64.0,256.0,3760.0,Qualcomm,SDM450,6,8,3,1
6999.0,Lenovo,A5,Black,0,1,13.84,0,0,3.0,32.0,256.0,4000.0,MediaTek,MT6739,3,8,2,1
49900.0,Apple,iPhone,Blue,0,0,15.49,0,1,3.0,32.0,128.0,3050.0,Apple,Apple,2,7,2,1
4999.0,Kult,Impulse,Black,0,1,15.21,0,0,3.0,32.0,64.0,4000.0,MTK,6739,3,0,1,0
9899.0,Redmi,Note,Rose Gold,1,1,15.21,0,0,4.0,64.0,128.0,4000.0,Qualcomm,625,2,5,2,1
13990.0,Samsung,Galaxy,Blue,1,1,16.26,0,0,4.0,64.0,512.0,4000.0,Exynos,7904,6,6,3,1
13999.0,Redmi,Note,Black,1,1,15.9,0,0,6.0,64.0,256.0,4000.0,Qualcomm,636,2,0,4,0
15490.0,OPPO,A9,Marble Green,1,1,16.59,0,0,4.0,128.0,256.0,4020.0,MTK,MTK,6,6,3,1
15490.0,OPPO,A9,Fluorite Purple,1,1,16.59,0,0,4.0,128.0,256.0,4020.0,MTK,MTK,6,6,3,1
4999.0,Kult,Impulse,Blue,0,1,15.21,0,0,3.0,32.0,64.0,4000.0,MTK,6739,3,0,1,0
28999.0,Samsung,Galaxy,Prism Crush White,1,1,17.02,0,0,6.0,128.0,512.0,4500.0,Qualcomm,SM6150,4,2,4,1
10999.0,Redmi,Y2,Black,0,1,15.21,0,0,4.0,64.0,256.0,3080.0,Qualcomm,625,2,6,3,1
8499.0,Realme,C1,Mirror Black,0,1,15.75,0,0,3.0,32.0,256.0,4230.0,Qualcomm,GHz,3,5,3,1
3899.0,Karbonn,Aura,Champagne,0,0,12.7,0,1,1.0,16.0,32.0,4000.0,Mediatek,Mediatek,5,5,2,1
7927.0,Nokia,3.1,Charcoal,0,0,15.24,0,1,3.0,32.0,128.0,3500.0,Mediatek,P22,3,0,1,0
4633.0,Gionee,F205,Black,0,1,13.84,0,0,2.0,16.0,256.0,2670.0,MediaTek,MT6739,8,5,2,1
13999.0,Redmi,Note,Red,1,1,15.21,0,0,6.0,64.0,128.0,4000.0,Qualcomm,636,2,0,3,1
4749.0,Micromax,Bharat,Matte Blue,0,0,13.84,0,1,1.0,16.0,32.0,5000.0,Micromax,MT6739,5,5,2,1
49900.0,Apple,iPhone,Yellow,0,0,15.49,0,1,3.0,32.0,128.0,3050.0,Apple,Apple,2,7,2,1
10799.0,Mi,A2,Red,1,1,15.21,0,0,3.0,32.0,128.0,3010.0,Qualcomm,AIE,0,0,3,1
7990.0,Samsung,Galaxy,Gold,0,1,15.75,0,0,2.0,32.0,512.0,3400.0,Exynos,7884,3,5,2,1
6899.0,OPPO,A83,Red,0,1,14.48,0,0,2.0,16.0,256.0,3180.0,OPPO,MT6763T,3,8,2,1
4999.0,Kult,Impulse,Black,0,1,15.21,0,0,3.0,32.0,64.0,4000.0,MTK,6739,3,0,1,0
28999.0,Samsung,Galaxy,Prism Crush Red,1,1,17.02,0,0,6.0,128.0,512.0,4500.0,Qualcomm,SM6150,4,2,4,1
17999.0,POCO,F1,Rosso Red,1,1,15.7,0,0,6.0,64.0,256.0,4000.0,Qualcomm,845,2,0,3,1
6060.0,Lava,Z62,Space Blue,0,0,15.24,0,1,2.0,16.0,256.0,3380.0,MTK,6761,8,5,2,1
4999.0,Kult,Impulse,Blue,0,1,15.21,0,0,3.0,32.0,64.0,4000.0,MTK,6739,3,0,1,0
11499.0,Panasonic,Eluga,Gold,1,1,13.21,0,0,4.0,32.0,128.0,3000.0,Qualcomm,4GHz,6,8,2,1
8499.0,Redmi,6,Rose Gold,0,1,13.84,0,0,3.0,64.0,256.0,3000.0,Mediatek,Octacore,2,5,3,1
3899.0,Karbonn,Aura,Champagne,0,0,12.7,0,1,1.0,16.0,32.0,4000.0,Mediatek,Mediatek,5,5,2,1
10999.0,Redmi,Note,Blue,1,1,15.21,0,0,3.0,32.0,128.0,4000.0,Qualcomm,625,2,5,2,1
8999.0,Asus,Zenfone,Grey,1,1,15.21,0,0,3.0,32.0,128.0,5000.0,Qualcomm,Core,3,8,3,1
50999.0,Apple,iPhone,(PRODUCT,0,0,15.49,0,1,3.0,32.0,128.0,3050.0,Apple,Apple,2,7,2,1
10799.0,Mi,A2,Red,1,1,15.21,0,0,3.0,32.0,128.0,3010.0,Qualcomm,AIE,0,0,3,1
6060.0,Lava,Z62,Midnight Blue,0,0,15.24,0,1,2.0,16.0,256.0,3380.0,MTK,6761,8,5,2,1
10999.0,Redmi,Note,Gold,1,1,15.21,0,0,3.0,32.0,128.0,4000.0,Qualcomm,625,2,5,2,1
12999.0,Redmi,Note,Red,1,1,15.21,0,0,4.0,64.0,128.0,4000.0,Qualcomm,636,2,0,3,1
4999.0,Kult,Impulse,Black,0,1,15.21,0,0,3.0,32.0,64.0,4000.0,MTK,6739,3,0,1,0
15990.0,Vivo,Y83,Black,0,1,15.8,0,0,4.0,32.0,256.0,3260.0,Mediatek,P22,3,8,2,1
22221.0,Vivo,V7+,Matte Black,0,1,15.21,0,0,4.0,64.0,256.0,3225.0,Qualcomm,GHz,6,4,2,1
8999.0,Infinix,S5,Quetzal Cyan,0,1,16.76,0,0,4.0,64.0,256.0,4000.0,MTK,MTK,6,2,4,1
87900.0,Samsung,Galaxy,Ceramic Black,0,1,16.26,0,0,8.0,512.0,512.0,4100.0,Exynos,9820,6,0,4,0
8999.0,OPPO,A83,Champagne,0,1,14.48,0,0,3.0,32.0,256.0,3180.0,OPPO,MT6763T,3,8,2,1
23990.0,Vivo,V9,Sapphire Blue,1,1,16.0,0,0,4.0,64.0,256.0,3260.0,Qualcomm,626,6,4,3,1
9999.0,Vivo,Y93,Starry Black,0,1,15.8,0,0,3.0,64.0,256.0,4030.0,MediaTek,P22,3,8,3,1
4999.0,Kult,Impulse,Blue,0,1,15.21,0,0,3.0,32.0,64.0,4000.0,MTK,6739,3,0,1,0
10999.0,XOLO,ZX,Electric Blue,0,1,15.8,0,0,6.0,128.0,256.0,3260.0,MTK,P22,3,6,3,1
10999.0,XOLO,ZX,Midnight Blue,0,1,15.8,0,0,6.0,128.0,256.0,3260.0,MTK,P22,3,6,3,1
8999.0,XOLO,ZX,Midnight Blue,0,1,15.8,0,0,4.0,64.0,256.0,3260.0,MTK,P22,3,6,3,1
3899.0,Karbonn,Aura,Champagne,0,0,12.7,0,1,1.0,16.0,32.0,4000.0,Mediatek,Mediatek,5,5,2,1
29999.0,Honor,8,Black,1,1,13.21,0,0,4.0,32.0,128.0,3000.0,ARM,3GHz,2,8,3,1
29999.0,Honor,8,Black,1,1,13.21,0,0,4.0,32.0,128.0,3000.0,ARM,3GHz,2,8,3,1
16990.0,Vivo,V9,Black,1,1,16.0,0,0,4.0,32.0,256.0,3260.0,Qualcomm,450,6,6,3,1
12999.0,Alcatel,5V,Black,0,0,15.75,0,1,3.0,32.0,128.0,4000.0,Alcatel,Alcatel,6,0,1,0
10799.0,Mi,A2,Red,1,1,15.21,0,0,3.0,32.0,128.0,3010.0,Qualcomm,AIE,0,0,3,1
13490.0,Vivo,Y55S,Crown Gold,0,1,13.21,0,0,3.0,16.0,256.0,2730.0,Qualcomm,4GHz,3,5,2,1
13990.0,Samsung,Galaxy,Black,1,1,16.26,0,0,4.0,64.0,512.0,4000.0,Exynos,7904,6,6,3,1
4999.0,Kult,Impulse,Black,0,1,15.21,0,0,3.0,32.0,64.0,4000.0,MTK,6739,3,0,1,0
14999.0,POCO,F1,Rosso Red,1,1,15.7,0,0,6.0,128.0,256.0,4000.0,Qualcomm,845,2,0,3,1
58990.0,OPPO,Find,Glacier Blue,1,1,16.26,0,0,3.0,32.0,128.0,3730.0,Snapdragon,GHz,6,5,3,1
58990.0,OPPO,Find,Bordeaux Red,1,1,16.26,0,0,3.0,32.0,128.0,3730.0,Snapdragon,GHz,6,5,3,1
18999.0,POCO,F1,Armoured Edition,1,1,15.7,0,0,8.0,256.0,256.0,4000.0,Qualcomm,845,2,0,3,1
25999.0,Redmi,K20,Glacier Blue,1,1,16.23,0,0,3.0,32.0,128.0,4000.0,Qualcomm,855,8,0,4,1
25999.0,Redmi,K20,Flame Red,1,1,16.23,0,0,3.0,32.0,128.0,4000.0,Qualcomm,855,8,0,4,1
4999.0,Kult,Impulse,Blue,0,1,15.21,0,0,3.0,32.0,64.0,4000.0,MTK,6739,3,0,1,0
5555.0,Yu,Yureka,Graphite Grey,1,1,13.21,0,0,3.0,32.0,128.0,3000.0,qualcomm,7GHz,3,5,2,1
8490.0,Samsung,Galaxy,Gold,0,1,12.7,0,0,2.0,16.0,128.0,2600.0,Spreadtrum,5GHz,8,5,2,1
12999.0,Mi,A3,More Than White,0,1,15.44,0,0,4.0,64.0,256.0,4030.0,Qualcomm,core,8,2,3,1
16999.0,Samsung,Galaxy,Black,1,1,16.26,0,0,4.0,64.0,512.0,4000.0,Exynos,9610,5,5,4,1
10799.0,Mi,A2,Red,1,1,15.21,0,0,3.0,32.0,128.0,3010.0,Qualcomm,AIE,0,0,3,1
12999.0,Panasonic,Eluga,Gold,0,1,15.21,0,0,3.0,32.0,128.0,4000.0,Panasonic,MT6739WA,3,8,2,1
22999.0,Redmi,K20,Glacier Blue,1,1,16.23,0,0,3.0,32.0,128.0,4000.0,Qualcomm,730,8,0,4,1
14153.0,XOLO,T1000,Black,0,1,11.94,0,0,1.0,4.0,32.0,2000.0,NVIDIA,3,8,2,2,1
4999.0,Kult,Impulse,Black,0,1,15.21,0,0,3.0,32.0,64.0,4000.0,MTK,6739,3,0,1,0
15999.0,Samsung,Galaxy,Prism Crush Violet,0,1,16.26,0,0,3.0,32.0,128.0,4000.0,Exynos,7904,5,6,4,1
6499.0,Tecno,Camon,Midnight Black,0,0,14.35,0,1,2.0,16.0,128.0,3050.0,Tecno,A53,3,8,2,1
28999.0,Redmi,K20,Carbon Black,1,1,16.23,0,0,3.0,32.0,128.0,4000.0,Qualcomm,855,8,0,4,1
19999.0,Redmi,K20,Carbon Black,1,1,16.23,0,0,3.0,32.0,128.0,4000.0,Qualcomm,730,8,0,4,1
15999.0,Samsung,Galaxy,Prism Crush White,0,1,16.26,0,0,3.0,32.0,128.0,4000.0,Exynos,7904,5,6,4,1
17499.0,Moto,X,With Turbo Charger,1,1,13.97,0,0,2.0,16.0,128.0,3630.0,Qualcomm,615,1,5,2,1
11999.0,OPPO,A5,Diamond Red,0,1,15.75,0,0,4.0,64.0,256.0,4230.0,Qualcomm,450,3,8,3,1
16999.0,Samsung,Galaxy,White,1,1,16.26,0,0,4.0,64.0,512.0,4000.0,Exynos,9610,5,5,4,1
4999.0,Kult,Impulse,Blue,0,1,15.21,0,0,3.0,32.0,64.0,4000.0,MTK,6739,3,0,1,0
9770.0,Mi,A2,Black,1,1,15.21,0,0,3.0,32.0,128.0,3010.0,Qualcomm,AIE,0,0,3,1
6499.0,Micromax,Selfie,Matte Black,0,1,13.21,0,0,3.0,32.0,128.0,3000.0,Micromax,MT6737,3,8,2,1
16999.0,Samsung,Galaxy,Blue,1,1,16.26,0,0,4.0,64.0,512.0,4000.0,Exynos,9610,5,5,4,1
6499.0,Alcatel,U5,Metallic Black,0,1,12.7,0,0,2.0,16.0,32.0,2200.0,MTK,MTK6737,3,8,2,1
3899.0,Karbonn,Aura,Champagne,0,0,12.7,0,1,1.0,16.0,32.0,4000.0,Mediatek,Mediatek,5,5,2,1
13999.0,Vivo,Y12,Aqua Blue,0,1,16.13,0,0,4.0,32.0,256.0,5000.0,MediaTek,P22,3,8,4,1
13990.0,OPPO,A83,2018 Edition,0,0,14.48,0,1,3.0,32.0,128.0,3180.0,OPPO,MT6763T,3,8,2,1
11990.0,Panasonic,Eluga,Space Grey,0,1,12.7,0,0,3.0,32.0,128.0,2500.0,MediaTek,GHz,3,5,2,1
10799.0,Mi,A2,Red,1,1,15.21,0,0,3.0,32.0,128.0,3010.0,Qualcomm,AIE,0,0,3,1
28999.0,Redmi,K20,Flame Red,1,1,16.23,0,0,3.0,32.0,128.0,4000.0,Qualcomm,855,8,0,4,1
10990.0,Mi,A2,Gold,1,1,15.21,0,0,3.0,32.0,128.0,3010.0,Qualcomm,AIE,0,0,3,1
26499.0,Honor,6,Black,1,1,13.97,0,0,3.0,32.0,128.0,3600.0,Hisilicon,A7,8,8,3,1
4999.0,Kult,Impulse,Black,0,1,15.21,0,0,3.0,32.0,64.0,4000.0,MTK,6739,3,0,1,0
7930.0,Gionee,S11,Gold,0,1,14.48,0,0,4.0,32.0,256.0,3030.0,Snapdragon,core,3,6,3,1
9659.0,Redmi,6,Lake Blue,1,1,14.83,0,0,4.0,64.0,256.0,4000.0,Qualcomm,625,2,5,3,1
9469.0,Redmi,6,Red,1,1,14.83,0,0,4.0,64.0,256.0,4000.0,Qualcomm,625,2,5,3,1
11990.0,OPPO,A5s,Red,0,1,15.75,0,0,3.0,32.0,256.0,4230.0,MTK,MT6765,3,8,3,1
18990.0,Samsung,Galaxy,White,1,1,16.26,0,0,6.0,64.0,512.0,4000.0,Exynos,9610,5,5,4,1
4999.0,Kult,Impulse,Blue,0,1,15.21,0,0,3.0,32.0,64.0,4000.0,MTK,6739,3,0,1,0
8499.0,Samsung,Galaxy,Green,0,1,15.75,0,0,2.0,32.0,512.0,4000.0,MediaTek,MT6762,3,8,3,1
7999.0,Lava,Z93,Charcoal Blue,0,0,15.8,0,1,3.0,32.0,128.0,3500.0,Lava,P22,3,8,3,1
14342.0,OPPO,A3s,Purple,0,1,15.75,0,0,4.0,64.0,256.0,4230.0,Qualcomm,450,3,8,3,1
3899.0,Karbonn,Aura,Champagne,0,0,12.7,0,1,1.0,16.0,32.0,4000.0,Mediatek,Mediatek,5,5,2,1
7999.0,Lava,Z93,Royal Blue,0,0,15.8,0,1,3.0,32.0,128.0,3500.0,Lava,P22,3,8,3,1
28999.0,Samsung,Galaxy,Prism Crush Black,1,1,17.02,0,0,6.0,128.0,512.0,4500.0,Qualcomm,SM6150,4,2,4,1
10799.0,Mi,A2,Red,1,1,15.21,0,0,3.0,32.0,128.0,3010.0,Qualcomm,AIE,0,0,3,1
9275.0,Redmi,Y2,Dark Grey,0,1,15.21,0,0,4.0,64.0,256.0,3080.0,Qualcomm,625,2,6,3,1
8750.0,Vivo,Y91,Starry Black,0,1,15.8,0,0,2.0,32.0,256.0,4030.0,MTK,MTK,3,8,3,1
4999.0,Kult,Impulse,Black,0,1,15.21,0,0,3.0,32.0,64.0,4000.0,MTK,6739,3,0,1,0
9999.0,Realme,2,Diamond Black,0,1,15.75,0,0,4.0,64.0,256.0,4230.0,Qualcomm,GHz,3,8,3,1
5670.0,Coolpad,Cool,Midnight Blue,0,1,14.48,0,0,3.0,32.0,128.0,3000.0,SC,SC9863,8,5,2,1
3412.0,VOTO,V11,Champagne,0,1,12.7,0,0,3.0,32.0,128.0,3000.0,Spreadtrum,9832,3,5,2,1
83199.0,Apple,iPhone,Silver,0,1,14.73,0,0,3.0,32.0,128.0,3050.0,Apple,Apple,2,7,3,1
3899.0,Lava,Z41,Midnight Blue,0,0,12.7,0,1,1.0,16.0,128.0,2500.0,UniSoC,SC9832E,5,2,2,1
10990.0,Vivo,Y81,Gold,0,1,15.49,0,0,3.0,32.0,256.0,3260.0,Vivo,Vivo,3,5,2,1
4999.0,Kult,Impulse,Blue,0,1,15.21,0,0,3.0,32.0,64.0,4000.0,MTK,6739,3,0,1,0
8999.0,Infinix,Note,Berlin Gray,1,1,15.21,0,0,4.0,64.0,128.0,4500.0,Mediatek,core,2,6,2,1
21990.0,OPPO,Ravichandran,Black,1,1,15.82,0,0,4.0,64.0,256.0,3400.0,MTK,GHz,6,5,2,1
37999.0,LG,G7+,Platinum,0,1,15.49,0,0,3.0,32.0,128.0,3000.0,Qualcomm,845,6,8,3,1
37999.0,LG,G7+,Black,0,1,15.49,0,0,3.0,32.0,128.0,3000.0,Qualcomm,845,6,8,3,1
3599.0,Meizu,C9,Black,1,1,13.84,0,0,2.0,16.0,128.0,3000.0,Meizu,Core,3,5,2,1
3899.0,Karbonn,Aura,Champagne,0,0,12.7,0,1,1.0,16.0,32.0,4000.0,Mediatek,Mediatek,5,5,2,1
5390.0,Samsung,Galaxy,Blue,0,1,12.7,0,0,1.0,16.0,256.0,2600.0,Exynos,7870,5,5,2,1
10799.0,Mi,A2,Red,1,1,15.21,0,0,3.0,32.0,128.0,3010.0,Qualcomm,AIE,0,0,3,1
11999.0,OPPO,A83,Black,0,1,14.48,0,0,3.0,32.0,256.0,3180.0,OPPO,MT6763T,3,8,2,1
11990.0,Redmi,Note,Blue,1,1,15.9,0,0,4.0,64.0,256.0,4000.0,Qualcomm,636,2,0,4,0
5822.0,Lava,Z61,Gold,0,1,13.84,0,0,2.0,16.0,64.0,3000.0,Lava,Core,8,5,2,1
7990.0,Samsung,Galaxy,Black,0,1,15.75,0,0,2.0,32.0,512.0,3400.0,Exynos,7884,3,5,2,1
4999.0,Kult,Impulse,Black,0,1,15.21,0,0,3.0,32.0,64.0,4000.0,MTK,6739,3,0,1,0
39999.0,Huawei,P9,Titanium Grey,1,1,13.21,0,0,3.0,32.0,128.0,3000.0,ARM,bit,2,8,3,1
8999.0,Nokia,3.2,Black,0,0,15.9,0,1,3.0,32.0,400.0,4000.0,Qualcomm,429,3,5,2,1
9490.0,Samsung,Galaxy,Blue,0,1,14.22,0,0,4.0,64.0,256.0,3000.0,Exynos,7870,3,8,2,1
3925.0,VOTO,V5x,Red,0,1,13.21,0,0,3.0,32.0,128.0,3000.0,Spreadtrum,9850,3,3,3,1
3899.0,Itel,A23,Gradation Ice Blue,0,0,12.7,1,0,1.0,8.0,32.0,2050.0,Itel,Itel,2,3,2,1
4999.0,Kult,Impulse,Blue,0,1,15.21,0,0,3.0,32.0,64.0,4000.0,MTK,6739,3,0,1,0
11490.0,Samsung,Galaxy,Deep Blue,0,1,16.26,0,0,3.0,32.0,512.0,4000.0,Exynos,7884B,3,8,3,1
8150.0,Nokia,6,Matte Black,1,1,13.97,0,0,3.0,32.0,128.0,3000.0,Qualcomm,430,6,8,2,1
3899.0,Karbonn,Aura,Champagne,0,0,12.7,0,1,1.0,16.0,32.0,4000.0,Mediatek,Mediatek,5,5,2,1
13999.0,Samsung,Galaxy,Gold,0,1,14.22,0,0,4.0,64.0,256.0,3000.0,Exynos,7870,3,8,2,1
3849.0,VOTO,V3,Red,0,1,12.7,0,0,3.0,32.0,128.0,3000.0,Spreadtrum,9850,3,3,3,1
5970.0,Tecno,Camon,Champagne Gold,0,0,14.35,0,1,2.0,16.0,128.0,3050.0,Tecno,A53,3,8,2,1
22221.0,Vivo,V7+,Gold,0,1,15.21,0,0,4.0,64.0,256.0,3225.0,Qualcomm,GHz,6,4,2,1
10799.0,Mi,A2,Red,1,1,15.21,0,0,3.0,32.0,128.0,3010.0,Qualcomm,AIE,0,0,3,1
13999.0,Redmi,Note,Blue,1,1,15.21,0,0,6.0,64.0,128.0,4000.0,Qualcomm,636,2,0,3,1
11500.0,Lava,X81,Space Grey,0,1,12.7,0,0,3.0,16.0,64.0,2700.0,Mediatek,bit,3,5,2,1
4499.0,Lenovo,B,Black,0,0,11.43,0,1,3.0,32.0,128.0,2000.0,Lenovo,1GHz,5,0,1,0
4999.0,Kult,Impulse,Black,0,1,15.21,0,0,3.0,32.0,64.0,4000.0,MTK,6739,3,0,1,0
7999.0,OPPO,A71k,New Edition,0,1,13.21,0,0,3.0,16.0,256.0,3000.0,Snapdragon,GHz,3,5,2,1
8190.0,Honor,Holly,Grey,0,1,12.7,0,0,3.0,32.0,128.0,3020.0,Honor,1,3,5,2,1
14990.0,OPPO,F5,Black,1,1,15.24,0,0,3.0,32.0,256.0,3200.0,OPPO,MT6763T,3,6,2,1
4999.0,Kult,Impulse,Blue,0,1,15.21,0,0,3.0,32.0,64.0,4000.0,MTK,6739,3,0,1,0
15995.0,Samsung,Galaxy,Gold,1,1,13.97,0,0,3.0,32.0,256.0,3300.0,Exynos,6GHz,3,8,2,1
3849.0,VOTO,V3,Blue,0,1,12.7,0,0,3.0,32.0,128.0,3000.0,Spreadtrum,9850,3,3,3,1
3499.0,Centric,P1,Grey,0,1,12.7,0,0,2.0,16.0,256.0,3950.0,Mediatek,Mediatek,8,0,1,0
15500.0,Honor,7X,Blue,1,1,15.06,0,0,4.0,64.0,256.0,3050.0,Honor,659,6,8,3,1
61900.0,Samsung,Galaxy,Prism Black,0,1,15.49,0,0,8.0,128.0,512.0,3400.0,Exynos,9820,6,0,3,1
10799.0,Mi,A2,Red,1,1,15.21,0,0,3.0,32.0,128.0,3010.0,Qualcomm,AIE,0,0,3,1
57999.0,Apple,iPhone,Coral,0,0,15.49,0,1,3.0,32.0,128.0,3050.0,Apple,Apple,2,7,2,1
7990.0,Vivo,Y53i,Matte Black,0,1,12.7,0,0,2.0,16.0,256.0,2500.0,Qualcomm,MSM8917,8,5,2,1
4999.0,Kult,Impulse,Black,0,1,15.21,0,0,3.0,32.0,64.0,4000.0,MTK,6739,3,0,1,0
13850.0,Gionee,A1,Grey,1,1,13.97,0,0,4.0,64.0,256.0,4010.0,MediaTek,0GHz,3,6,2,1
9499.0,XOLO,Q1000,White,0,0,12.7,1,0,1.0,4.0,32.0,2000.0,Broadcom,Broadcom,5,3,2,1
18328.0,Samsung,Galaxy,Black,1,1,13.97,0,0,3.0,16.0,256.0,3300.0,Exynos,6GHz,3,8,2,1
6000.0,XOLO,8X-1000,Black,0,1,12.7,0,0,2.0,16.0,32.0,1920.0,XOLO,MT6592M,8,2,2,1
14500.0,Samsung,Galaxy,Gold,0,1,12.7,0,0,2.0,16.0,256.0,2400.0,Exynos,4GHz,3,5,2,1
17889.0,Samsung,Galaxy,Gold,0,1,13.97,0,0,4.0,32.0,256.0,3000.0,Exynos,7884,3,8,3,1
4999.0,Kult,Impulse,Blue,0,1,15.21,0,0,3.0,32.0,64.0,4000.0,MTK,6739,3,0,1,0
6999.0,Seeken,SG,Dazzle Blue,1,1,14.53,0,0,3.0,32.0,128.0,2940.0,Seeken,Core,3,0,4,0
57800.0,Apple,iPhone,(PRODUCT,0,0,15.49,0,1,3.0,32.0,128.0,3050.0,Apple,Apple,2,7,2,1
57999.0,Apple,iPhone,Blue,0,0,15.49,0,1,3.0,32.0,128.0,3050.0,Apple,Apple,2,7,2,1
5299.0,XOLO,ERA,Gold,0,1,12.7,0,0,3.0,32.0,128.0,2500.0,Spreadtrum,Spreadtrum,8,5,2,1
3899.0,Karbonn,Aura,Champagne,0,0,12.7,0,1,1.0,16.0,32.0,4000.0,Mediatek,Mediatek,5,5,2,1
30000.0,Honor,8,Black,1,1,13.21,0,0,4.0,32.0,128.0,3000.0,ARM,3GHz,2,8,3,1
14995.0,Samsung,Galaxy,Black,0,1,13.97,0,0,3.0,32.0,256.0,3000.0,Exynos,GHz,3,5,2,1
16596.0,HP,Slate,Graphite,0,1,15.24,0,0,1.0,16.0,32.0,3000.0,Marvell,A7,5,2,2,1
10799.0,Mi,A2,Red,1,1,15.21,0,0,3.0,32.0,128.0,3010.0,Qualcomm,AIE,0,0,3,1
7890.0,Gionee,S11,Dark Blue,0,1,14.48,0,0,4.0,32.0,256.0,3030.0,Snapdragon,core,3,6,3,1
4999.0,Kult,Impulse,Black,0,1,15.21,0,0,3.0,32.0,64.0,4000.0,MTK,6739,3,0,1,0
4999.0,SCOSMOS,PI,White,0,1,13.97,0,0,2.0,16.0,256.0,2500.0,MTK,6737,3,5,2,1
14990.0,Vivo,V9,Black,1,1,16.0,0,0,4.0,64.0,256.0,3260.0,Qualcomm,core,3,6,3,1
6990.0,Lenovo,A7700,Black,0,1,13.97,0,0,2.0,16.0,32.0,2900.0,MediaTek,1GHz,8,2,2,1
8990.0,Lava,Z10,Space Grey,0,1,12.7,0,0,3.0,16.0,128.0,2620.0,Lava,bit,8,5,2,1
6249.0,Centric,A1,Metalic Earl Grey,1,1,13.97,0,0,3.0,32.0,256.0,3000.0,na,Snapdragaon,3,8,2,1
75999.0,Apple,iPhone,Space Gray,0,1,14.73,0,0,3.0,32.0,128.0,3050.0,Apple,Apple,2,7,3,1
4999.0,Kult,Impulse,Blue,0,1,15.21,0,0,3.0,32.0,64.0,4000.0,MTK,6739,3,0,1,0
4899.0,Centric,L3,Raisin Black,0,1,12.7,0,0,2.0,16.0,256.0,3050.0,Mediatek,Mediatek,3,5,2,1
3899.0,Karbonn,Aura,Champagne,0,0,12.7,0,1,1.0,16.0,32.0,4000.0,Mediatek,Mediatek,5,5,2,1
7200.0,Honor,Holly,Black,0,1,13.97,0,0,2.0,16.0,128.0,3000.0,Honor,2GHz,3,8,2,1
16699.0,Honor,8,White,1,1,13.21,0,0,2.0,16.0,128.0,3000.0,ARM,A53,3,8,2,1
6690.0,Lava,Z92,Ocean Blue,0,1,15.8,0,0,2.0,32.0,256.0,3260.0,Lava,core,3,8,2,1
10799.0,Mi,A2,Red,1,1,15.21,0,0,3.0,32.0,128.0,3010.0,Qualcomm,AIE,0,0,3,1
27500.0,OPPO,F1,Gold,1,1,13.97,0,0,3.0,32.0,128.0,2850.0,Mediatek,Mediatek,3,6,2,1
7150.0,Gionee,P5L,Gold,0,1,12.7,0,0,1.0,16.0,128.0,2300.0,Gionee,3GHz,8,5,2,1
4999.0,Kult,Impulse,Black,0,1,15.21,0,0,3.0,32.0,64.0,4000.0,MTK,6739,3,0,1,0
8490.0,Vivo,Y53,Matte Black,0,1,12.7,0,0,2.0,16.0,256.0,2500.0,Qualcomm,4GHz,8,5,2,1
65000.0,Google,Pixel,Quite Black,0,1,13.97,0,0,3.0,32.0,128.0,3450.0,Qualcomm,bit,3,8,2,1
6999.0,Nokia,3,Tempered Blue,0,1,12.7,0,0,3.0,32.0,128.0,2630.0,MTK,6737,8,8,2,1
5199.0,Panasonic,P75,Sand Black,0,1,12.7,0,0,1.0,8.0,32.0,5000.0,Panasonic,3GHz,8,5,2,1
11756.0,Samsung,Galaxy,Black,0,1,13.97,0,0,2.0,16.0,256.0,3000.0,Exynos,6GHz,3,5,2,1
7299.0,LYF,Water,White,0,1,12.7,0,0,3.0,32.0,128.0,2920.0,Qualcomm,410,3,5,2,1
6190.0,Samsung,Galaxy,Blue,0,1,12.7,0,0,1.0,8.0,256.0,2600.0,Exynos,7570,8,5,2,1
4999.0,Kult,Impulse,Blue,0,1,15.21,0,0,3.0,32.0,64.0,4000.0,MTK,6739,3,0,1,0
4120.0,Mobiistar,C1,Gold,0,0,13.56,0,1,2.0,16.0,128.0,3000.0,MTK,MT6739,5,0,1,0
4390.0,Mobiistar,C1,Blue,0,0,13.56,0,1,2.0,16.0,128.0,3000.0,MTK,MT6739,5,0,1,0
21500.0,OPPO,Hardik,Black,1,1,15.82,0,0,4.0,64.0,256.0,3400.0,MTK,GHz,6,5,2,1
3899.0,Karbonn,Aura,Champagne,0,0,12.7,0,1,1.0,16.0,32.0,4000.0,Mediatek,Mediatek,5,5,2,1
8999.0,Infinix,S5,Violet,0,1,16.76,0,0,4.0,64.0,256.0,4000.0,MTK,MTK,6,2,4,1
8499.0,Tecno,Spark,Dawn Blue,0,1,16.13,0,0,4.0,64.0,256.0,6000.0,Mediatek,Helio,3,3,4,1
10799.0,Mi,A2,Red,1,1,15.21,0,0,3.0,32.0,128.0,3010.0,Qualcomm,AIE,0,0,3,1
15999.0,Samsung,Galaxy,White,0,1,13.31,0,0,5.0,8.0,64.0,2600.0,Qualcomm,Snapdragon,8,9,2,1
8999.0,Nokia,6.1,Black,1,1,14.73,0,0,4.0,64.0,400.0,3060.0,Qualcomm,Octacore,6,6,3,1
8999.0,Nokia,6.1,Blue,1,1,14.73,0,0,4.0,64.0,400.0,3060.0,Qualcomm,Octacore,6,6,3,1
3690.0,XOLO,A500S,Black,0,0,10.16,0,1,3.0,32.0,128.0,1400.0,MTK,6572,3,3,2,1
13999.0,Motorola,One,Denim Blue,1,1,16.0,0,0,4.0,128.0,512.0,3500.0,Exynos,9609,2,2,4,1
4999.0,Kult,Impulse,Black,0,1,15.21,0,0,3.0,32.0,64.0,4000.0,MTK,6739,3,0,1,0
13999.0,Moto,G8,Cosmic Blue,1,1,16.0,0,0,4.0,64.0,512.0,4000.0,Qualcomm,665,8,5,4,1
10999.0,Micromax,Canvas,Black,0,0,13.97,0,1,1.0,4.0,8.0,2500.0,Micromax,Core,5,3,2,1
6990.0,Gionee,A1,Black,0,1,13.46,0,0,3.0,32.0,256.0,4000.0,Gionee,WA,3,0,2,1
15708.0,Samsung,Galaxy,White,0,1,13.97,0,0,5.0,16.0,128.0,3000.0,Exynos,5GHz,3,5,2,1
15999.0,Samsung,Galaxy,Black,0,1,13.31,0,0,5.0,8.0,64.0,2600.0,Qualcomm,Snapdragon,8,9,2,1
4999.0,Kult,Impulse,Blue,0,1,15.21,0,0,3.0,32.0,64.0,4000.0,MTK,6739,3,0,1,0
4799.0,Yu,Ace,Elektric Blue,0,1,13.84,0,0,3.0,32.0,128.0,4000.0,Yu,MT6739WW,3,5,2,1
13999.0,Moto,G8,Crystal Pink,1,1,16.0,0,0,4.0,64.0,512.0,4000.0,Qualcomm,665,8,5,4,1
3899.0,Karbonn,Aura,Champagne,0,0,12.7,0,1,1.0,16.0,32.0,4000.0,Mediatek,Mediatek,5,5,2,1
14999.0,Motorola,One,Bronze Gradient,1,1,16.0,0,0,4.0,128.0,256.0,3500.0,Exynos,9609,8,5,3,1
22999.0,Nokia,8,Black,0,1,13.97,0,0,3.0,32.0,128.0,3260.0,Qualcomm,835,2,5,3,1
5499.0,Micromax,Infinity,Galaxy Black,0,1,15.72,0,0,2.0,32.0,128.0,4000.0,Mediatek,Mediatek,3,8,3,1
4990.0,Panasonic,Eluga,Grey,0,1,12.7,0,0,1.0,16.0,128.0,2200.0,MTK,MTK6737,8,5,2,1
4999.0,Kult,Impulse,Black,0,1,15.21,0,0,3.0,32.0,64.0,4000.0,MTK,6739,3,0,1,0
6999.0,Gionee,F9,Black,0,1,15.9,0,0,3.0,32.0,256.0,4050.0,Spreadtrum,Spreadtrum,3,3,3,1
6999.0,Gionee,F9,Blue,0,1,15.9,0,0,3.0,32.0,256.0,4050.0,Spreadtrum,Spreadtrum,3,3,3,1
9746.0,Redmi,Note,Gold,1,1,15.21,0,0,4.0,64.0,128.0,4000.0,Qualcomm,636,2,0,3,1
2999.0,Micromax,Spark,Rose Gold,0,0,12.7,0,1,1.0,8.0,32.0,2000.0,SC,SC9832E,5,2,2,1
37999.0,Samsung,Galaxy,Midnight Black,0,1,15.75,0,0,6.0,64.0,400.0,3500.0,Exynos,9810,2,8,3,1
4999.0,Kult,Impulse,Blue,0,1,15.21,0,0,3.0,32.0,64.0,4000.0,MTK,6739,3,0,1,0
18490.0,OPPO,A9,Marine Green,0,0,16.51,0,1,3.0,32.0,128.0,5000.0,Qualcomm,SM6125,8,6,5,1
18490.0,OPPO,A9,Space Purple,0,0,16.51,0,1,3.0,32.0,128.0,5000.0,Qualcomm,SM6125,8,6,5,1
18490.0,OPPO,A9,Vanilla Mint,0,1,16.56,0,0,3.0,32.0,128.0,5000.0,Qualcomm,SM6125,8,6,5,1
3899.0,Karbonn,Aura,Champagne,0,0,12.7,0,1,1.0,16.0,32.0,4000.0,Mediatek,Mediatek,5,5,2,1
15990.0,OPPO,A9,Vanilla Mint,0,1,16.56,0,0,3.0,32.0,128.0,5000.0,Qualcomm,SM6125,8,6,5,1
10799.0,Mi,A2,Red,1,1,15.21,0,0,3.0,32.0,128.0,3010.0,Qualcomm,AIE,0,0,3,1
6499.0,Panasonic,Eluga,Gold,1,1,13.97,0,0,4.0,64.0,128.0,4000.0,SC,SC9853I,3,8,2,1
17499.0,Nokia,7.2,Cyan Green,1,1,16.0,0,0,6.0,64.0,512.0,3500.0,Qualcomm,660,8,0,4,1
3499.0,Yu,Yunique,Coal Black,0,1,12.7,0,0,3.0,16.0,64.0,2500.0,MediaTek,GHz,3,5,2,1
10799.0,Mi,A2,Red,1,1,15.21,0,0,3.0,32.0,128.0,3010.0,Qualcomm,AIE,0,0,3,1
10999.0,Lenovo,K10,Black,0,1,15.8,0,0,3.0,32.0,128.0,4050.0,Qualcomm,SDM632,3,6,4,1
34999.0,Google,Pixel,Just Black,1,1,15.24,0,0,3.0,32.0,128.0,3700.0,Qualcomm,670,2,8,2,1
24990.0,Samsung,Galaxy,Black,1,1,17.02,0,0,6.0,128.0,512.0,4500.0,Qualcomm,675,2,2,4,1
4999.0,Kult,Impulse,Black,0,1,15.21,0,0,3.0,32.0,64.0,4000.0,MTK,6739,3,0,1,0
4499.0,Micromax,Evok,Prussian Blue,1,1,13.97,0,0,3.0,32.0,64.0,3000.0,Mediatek,GHz,3,5,3,1
4599.0,Micromax,Evok,Champagne,1,1,13.97,0,0,3.0,32.0,64.0,3000.0,Mediatek,GHz,3,5,3,1
4999.0,Micromax,Canvas,Black,0,1,14.48,0,0,3.0,32.0,128.0,2900.0,Snapdragon,Core,3,6,2,1
4499.0,Micromax,Bharat,Jet Black,0,1,13.21,0,0,3.0,32.0,64.0,5000.0,MediaTek,bit,3,5,2,1
4999.0,Kult,Impulse,Blue,0,1,15.21,0,0,3.0,32.0,64.0,4000.0,MTK,6739,3,0,1,0
11633.0,Nokia,7.1,Blue,1,1,14.83,0,0,3.0,32.0,128.0,3060.0,Qualcomm,636,2,8,3,1
24999.0,Honor,20,Sapphire Blue,0,0,15.9,0,1,3.0,32.0,128.0,3750.0,HiSilicon,980,8,2,4,1
14499.0,Samsung,Galaxy,White,0,0,12.73,0,1,1.0,8.0,64.0,2100.0,Samsung,A7,5,3,2,1
15999.0,Samsung,Galaxy,Midnight Black,0,0,12.73,0,1,1.0,8.0,64.0,2100.0,Samsung,A7,5,3,2,1
3899.0,Karbonn,Aura,Champagne,0,0,12.7,0,1,1.0,16.0,32.0,4000.0,Mediatek,Mediatek,5,5,2,1
24999.0,Honor,20,Midnight Black,0,0,15.9,0,1,3.0,32.0,128.0,3750.0,HiSilicon,980,8,2,4,1
10799.0,Mi,A2,Red,1,1,15.21,0,0,3.0,32.0,128.0,3010.0,Qualcomm,AIE,0,0,3,1
6699.0,Micromax,Canvas,Black,0,1,14.48,0,0,4.0,64.0,128.0,3000.0,Snapdragon,Core,6,0,3,0
7500.0,Swipe,Elite,Black,0,1,13.97,0,0,3.0,16.0,32.0,3000.0,Mediatek,3GHz,3,5,2,1
4999.0,Kult,Impulse,Black,0,1,15.21,0,0,3.0,32.0,64.0,4000.0,MTK,6739,3,0,1,0
6599.0,Micromax,Infinity,Red Velvet,0,1,15.72,0,0,3.0,32.0,128.0,4000.0,Mediatek,Mediatek,3,6,3,1
34999.0,Asus,6Z,Black,1,1,16.23,0,0,3.0,32.0,128.0,5000.0,Qualcomm,855,8,0,4,0
18990.0,Samsung,Galaxy,Blue,1,1,16.26,0,0,6.0,64.0,512.0,4000.0,Exynos,9610,5,5,4,1
6999.0,Nokia,2.2,Steel,0,1,14.5,0,0,3.0,32.0,400.0,3000.0,MediaTek,A22,3,5,2,1
29999.0,LG,V40,Platinum Grey,0,1,16.26,0,0,3.0,32.0,128.0,3300.0,Qualcomm,845,6,0,4,0
30999.0,Samsung,Galaxy,Prism Crush Red,1,1,17.02,0,0,8.0,128.0,512.0,4500.0,Qualcomm,SM6150,4,2,4,1
4999.0,Kult,Impulse,Blue,0,1,15.21,0,0,3.0,32.0,64.0,4000.0,MTK,6739,3,0,1,0
24990.0,Samsung,Galaxy,Blue,1,1,17.02,0,0,6.0,128.0,512.0,4500.0,Qualcomm,675,2,2,4,1
3899.0,Karbonn,Aura,Champagne,0,0,12.7,0,1,1.0,16.0,32.0,4000.0,Mediatek,Mediatek,5,5,2,1
13999.0,Samsung,Galaxy,Blue,0,1,16.51,0,0,4.0,64.0,512.0,4000.0,Qualcomm,B01,3,8,4,1
7999.0,Redmi,6,Gold,0,1,13.84,0,0,3.0,32.0,256.0,3000.0,Mediatek,Octacore,2,5,3,1
5000.0,Lava,Z51,Sapphire Green,0,0,12.7,0,1,1.0,16.0,128.0,2550.0,SC,SC9832E,5,5,2,1
10490.0,Samsung,Galaxy,Gold,0,1,14.22,0,0,3.0,32.0,256.0,3000.0,Exynos,7870,3,8,2,1
10799.0,Mi,A2,Red,1,1,15.21,0,0,3.0,32.0,128.0,3010.0,Qualcomm,AIE,0,0,3,1
4749.0,Coolpad,Mega,Champagne Gold,0,1,14.48,0,0,3.0,32.0,64.0,3000.0,MTK,MTK6739,3,5,3,1
7999.0,Lenovo,A6,Blue,0,1,15.46,0,0,3.0,32.0,256.0,4000.0,MediaTek,Core,3,5,3,1
4999.0,Kult,Impulse,Black,0,1,15.21,0,0,3.0,32.0,64.0,4000.0,MTK,6739,3,0,1,0
6099.0,Yu,Yunicorn,Gold Rush,1,1,13.97,0,0,4.0,32.0,128.0,4000.0,MediaTek,8GHz,3,5,2,1
5999.0,Yu,Yunicorn,Rush Silver,1,1,13.97,0,0,4.0,32.0,128.0,4000.0,MediaTek,8GHz,3,5,2,1
11999.0,Samsung,Galaxy,Black,0,1,16.51,0,0,3.0,32.0,512.0,4000.0,Qualcomm,B01,3,8,4,1
74999.0,Apple,iPhone,Silver,0,1,16.51,0,0,3.0,32.0,128.0,3050.0,Apple,Apple,2,7,3,1
11999.0,Mi,A2,Blue/Lake Blue,1,1,15.21,0,0,3.0,32.0,128.0,3010.0,Qualcomm,AIE,0,0,3,1
36990.0,OPPO,Reno2,Luminous Black,0,0,16.51,0,1,8.0,256.0,256.0,4000.0,Qualcomm,730G,8,6,5,1
4999.0,Kult,Impulse,Blue,0,1,15.21,0,0,3.0,32.0,64.0,4000.0,MTK,6739,3,0,1,0
13990.0,Vivo,Y95,Starry Black,0,1,15.8,0,0,4.0,64.0,256.0,4030.0,Qualcomm,439,3,0,3,1
6999.0,iVooMi,Z1,Platinum Gold,0,1,14.4,0,0,2.0,16.0,128.0,2800.0,MTK,MTK6739W,3,8,2,1
6999.0,iVooMi,Z1,Classic Black,0,1,14.4,0,0,2.0,16.0,128.0,2800.0,MTK,MTK6739W,3,8,2,1
6999.0,iVooMi,Z1,Ocean Blue,0,1,14.4,0,0,2.0,16.0,128.0,2800.0,MTK,MTK6739W,3,8,2,1
3899.0,Karbonn,Aura,Champagne,0,0,12.7,0,1,1.0,16.0,32.0,4000.0,Mediatek,Mediatek,5,5,2,1
7999.0,Lenovo,A6,Black,0,1,15.46,0,0,3.0,32.0,256.0,4000.0,MediaTek,Core,3,5,3,1
10275.0,Redmi,Note,Onyx Black,1,1,16.0,0,0,4.0,64.0,256.0,4000.0,Qualcomm,AIE,2,3,3,1
10799.0,Mi,A2,Red,1,1,15.21,0,0,3.0,32.0,128.0,3010.0,Qualcomm,AIE,0,0,3,1
3899.0,Lava,Z41,Amber Red,0,0,12.7,0,1,1.0,16.0,128.0,2500.0,UniSoC,SC9832E,5,2,2,1
8999.0,Infinix,Note,Milan Black,1,1,15.21,0,0,4.0,64.0,128.0,4500.0,Mediatek,core,2,6,2,1
4999.0,Kult,Impulse,Black,0,1,15.21,0,0,3.0,32.0,64.0,4000.0,MTK,6739,3,0,1,0
5999.0,Yu,Yureka,Chrome Black,1,1,12.7,0,0,4.0,32.0,64.0,3000.0,Qualcomm,4GHz,3,8,2,1
7440.0,Coolpad,Cool,Midnight Blue,0,1,14.48,0,0,4.0,64.0,128.0,3000.0,SC,SC9863A,8,0,1,0
23990.0,Vivo,V11,Starry Night Black,1,1,16.28,0,0,6.0,64.0,256.0,3400.0,Qualcomm,AIE,2,5,3,1
23990.0,Vivo,V11,Dazzling Gold,1,1,16.28,0,0,6.0,64.0,256.0,3400.0,Qualcomm,AIE,2,5,3,1
8898.0,Panasonic,Eluga,Silver,1,1,15.7,0,0,4.0,64.0,256.0,3000.0,Panasonic,Panasonic,6,6,3,1
4999.0,Kult,Impulse,Blue,0,1,15.21,0,0,3.0,32.0,64.0,4000.0,MTK,6739,3,0,1,0
5999.0,Micromax,Dual,Grey,1,1,13.21,0,0,4.0,64.0,128.0,2730.0,Snapdragon,435,3,3,2,1
5999.0,Micromax,Dual,Champagne,1,1,13.21,0,0,4.0,64.0,128.0,2730.0,Snapdragon,435,3,3,2,1
3899.0,Karbonn,Aura,Champagne,0,0,12.7,0,1,1.0,16.0,32.0,4000.0,Mediatek,Mediatek,5,5,2,1
5999.0,Micromax,Bolt,Black,0,0,10.16,0,1,3.0,32.0,128.0,2100.0,Micromax,MT6572,2,3,2,1
10999.0,Redmi,Note,Gold,1,1,13.97,0,0,4.0,64.0,128.0,4100.0,Qualcomm,2GHz,3,5,2,1
39999.0,Black,Shark,Shadow Black,0,0,16.23,0,1,3.0,32.0,128.0,4000.0,Qualcomm,Qualcomm,8,0,3,1
49999.0,Black,Shark,Frozen Silver,0,0,16.23,0,1,3.0,32.0,128.0,4000.0,Qualcomm,Qualcomm,8,0,3,1
49990.0,OPPO,Reno,Ocean Green,0,0,16.76,0,1,8.0,256.0,256.0,4065.0,Qualcomm,GHz,8,6,4,1
10799.0,Mi,A2,Red,1,1,15.21,0,0,3.0,32.0,128.0,3010.0,Qualcomm,AIE,0,0,3,1
49990.0,OPPO,Reno,Jet Black,0,0,16.76,0,1,8.0,256.0,256.0,4065.0,Qualcomm,GHz,8,6,4,1
36990.0,OPPO,Reno,Ocean Green,0,0,16.76,0,1,6.0,128.0,256.0,4065.0,Qualcomm,GHz,8,6,4,1
36990.0,OPPO,Reno,Jet Black,0,0,16.76,0,1,6.0,128.0,256.0,4065.0,Qualcomm,GHz,8,6,4,1
4999.0,Kult,Impulse,Black,0,1,15.21,0,0,3.0,32.0,64.0,4000.0,MTK,6739,3,0,1,0
4280.0,Forme,R7S,Champagne Gold,0,1,13.97,0,0,3.0,16.0,64.0,2900.0,Mediatek,core,3,0,1,0
11999.0,Lenovo,K8,Venom Black,1,1,13.21,0,0,4.0,32.0,128.0,4000.0,MediaTek,GHz,3,8,3,1
7499.0,iVooMi,I2,Bronze Gold,0,1,13.84,0,0,3.0,32.0,128.0,4000.0,MTK,6739,3,8,3,1
7499.0,iVooMi,i2,Olive Black,0,1,13.84,0,0,3.0,32.0,128.0,4000.0,Mediatek,GHz,3,8,3,1
6499.0,Yu,Yureka,Black,1,1,15.24,0,0,3.0,16.0,32.0,4000.0,Mediatek,5GHz,3,8,2,1
8999.0,Micromax,Canvas,Chrome Black,0,1,12.7,0,0,2.0,16.0,64.0,2500.0,MTK,A53,8,5,2,1
6999.0,Asus,ZenFone,Black,0,1,13.84,0,0,3.0,32.0,256.0,4000.0,Qualcomm,430,3,8,2,1
4999.0,Kult,Impulse,Blue,0,1,15.21,0,0,3.0,32.0,64.0,4000.0,MTK,6739,3,0,1,0
16999.0,LG,Q,Black,1,1,15.75,0,0,3.0,32.0,128.0,3300.0,MediaTek,core,6,8,2,1
12999.0,Redmi,Note,Blue,1,1,15.21,0,0,4.0,64.0,128.0,4000.0,Qualcomm,636,2,0,3,1
39990.0,Vivo,NEX,Black,1,1,16.74,0,0,3.0,32.0,128.0,4000.0,Qualcomm,845,2,8,3,1
8799.0,Voto,V2i,Rose Gold,0,1,12.7,0,0,3.0,32.0,128.0,3000.0,Spreadtrum,A7,3,8,2,1
5899.0,Coolpad,Cool,Teal Green,0,1,14.48,0,0,2.0,16.0,128.0,3000.0,SC,SC9863,8,5,3,1
7750.0,Coolpad,Cool,indigo,0,1,14.48,0,0,4.0,64.0,128.0,3000.0,SC,Core,8,8,2,1
8689.0,Redmi,Y2,Rose Gold,0,1,15.21,0,0,3.0,32.0,256.0,3080.0,Qualcomm,625,2,6,3,1
12999.0,Honor,7C,Black,0,0,15.21,0,1,3.0,32.0,256.0,3000.0,Qualcomm,SDM450,3,8,3,1
9999.0,LG,Q6+,Black,1,1,13.97,0,0,3.0,32.0,128.0,3000.0,Qualcomm,Octacore,3,5,2,1
49999.0,Nokia,9,Blue,0,1,15.21,0,0,3.0,32.0,128.0,3320.0,Qualcomm,845,2,0,2,1
10999.0,Redmi,Note,Dark Grey,1,1,13.97,0,0,4.0,64.0,128.0,4100.0,Qualcomm,2GHz,3,5,2,1
8150.0,Redmi,6,Gold,0,1,13.84,0,0,3.0,64.0,256.0,3000.0,Mediatek,Octacore,2,5,3,1
13999.0,Redmi,Note,Red,1,1,15.9,0,0,6.0,64.0,256.0,4000.0,Qualcomm,636,2,0,4,0
6599.0,Voto,V2,Black,0,1,12.7,0,0,3.0,32.0,128.0,3000.0,Spreadtrum,A7,3,8,2,1
9999.0,Coolpad,Note,White,0,1,13.97,0,0,3.0,32.0,32.0,2500.0,Qualcomm,Snapdragon,3,0,1,0
26600.0,Samsung,Galaxy,Navy Blue,1,1,14.48,0,0,4.0,64.0,256.0,3300.0,Qualcomm,2GHz,6,6,2,1
10799.0,Mi,A2,Red,1,1,15.21,0,0,3.0,32.0,128.0,3010.0,Qualcomm,AIE,0,0,3,1
7990.0,Panasonic,P91,Blue,0,0,12.7,1,0,1.0,16.0,64.0,2500.0,Panasonic,MT6737M,8,5,2,1
5950.0,Panasonic,Eluga,Gold,0,1,14.48,0,0,3.0,32.0,128.0,3250.0,Mediatek,Core,3,8,2,1
29999.0,Mi,Mix,Black,1,1,15.21,0,0,3.0,32.0,128.0,3400.0,Qualcomm,GHz,2,5,2,1
61900.0,Samsung,Galaxy,Prism White,0,1,15.49,0,0,8.0,128.0,512.0,3400.0,Exynos,9820,6,0,3,1
4999.0,Kult,Impulse,Black,0,1,15.21,0,0,3.0,32.0,64.0,4000.0,MTK,6739,3,0,1,0
3199.0,Micromax,Bharat,Black,0,0,10.16,0,1,3.0,32.0,128.0,1300.0,SC,SC9832,2,3,2,1
3599.0,VOTO,V11,Blue,0,1,12.7,0,0,3.0,32.0,128.0,3000.0,Spreadtrum,9832,3,5,2,1
11379.0,Vivo,Y93,Nebula Purple,0,1,15.8,0,0,3.0,64.0,256.0,4030.0,MediaTek,P22,3,8,3,1
9999.0,Moto,M,Grey,1,1,13.97,0,0,3.0,32.0,128.0,3050.0,MediaTek,2GHz,6,8,2,1
25900.0,Samsung,Galaxy,Gold Sand,1,1,14.48,0,0,3.0,32.0,256.0,3600.0,Exynos,bit,6,6,2,1
5795.0,Nokia,3,Silver White,0,1,12.7,0,0,3.0,32.0,128.0,2630.0,MTK,6737,8,8,2,1
7800.0,iVooMi,Me3S,Teal Blue,0,1,13.21,0,0,3.0,32.0,128.0,3000.0,MediaTek,3GHz,3,8,2,1
4999.0,Kult,Impulse,Blue,0,1,15.21,0,0,3.0,32.0,64.0,4000.0,MTK,6739,3,0,1,0
8499.0,Asus,Zenfone,Gold,0,1,12.7,0,0,2.0,8.0,64.0,2110.0,Intel,Z2560,8,2,2,1
10499.0,Asus,Zenfone,Black,0,1,12.7,0,0,2.0,8.0,64.0,2110.0,Intel,Z2560,8,2,2,1
3899.0,Karbonn,Aura,Champagne,0,0,12.7,0,1,1.0,16.0,32.0,4000.0,Mediatek,Mediatek,5,5,2,1
15999.0,Gionee,S6S,Latte Gold,1,1,13.97,0,0,3.0,32.0,128.0,3150.0,ARM,3GHz,3,8,2,1
7990.0,Samsung,Galaxy,White,0,0,11.43,0,1,1.0,8.0,64.0,2000.0,Samsung,Core,5,2,2,1
6999.0,Panasonic,Eluga,Gold,1,1,13.21,0,0,4.0,64.0,128.0,3000.0,Qualcomm,4GHz,6,8,2,1
22990.0,OPPO,F3,Gold,1,1,15.24,0,0,6.0,64.0,256.0,4000.0,Qualcomm,core,6,0,3,0
10799.0,Mi,A2,Red,1,1,15.21,0,0,3.0,32.0,128.0,3010.0,Qualcomm,AIE,0,0,3,1
4999.0,Kult,Impulse,Black,0,1,15.21,0,0,3.0,32.0,64.0,4000.0,MTK,6739,3,0,1,0
29990.0,OPPO,R17,Emerald Green,0,0,16.26,0,1,3.0,32.0,128.0,3700.0,OPPO,SDM710,2,5,3,1
9899.0,Honor,7C,Black,0,0,15.21,0,1,4.0,64.0,256.0,3000.0,Qualcomm,SDM450,3,8,3,1
6499.0,Alcatel,U5,Metallic Gold,0,1,12.7,0,0,2.0,16.0,32.0,2200.0,MTK,MTK6737,3,8,2,1
3870.0,Uinitel,F30,Dark Blue,0,1,13.97,0,0,2.0,16.0,64.0,2400.0,Uinitel,Core,2,2,2,1
4999.0,Kult,Impulse,Blue,0,1,15.21,0,0,3.0,32.0,64.0,4000.0,MTK,6739,3,0,1,0
5990.0,Asus,Zenfone,Black,0,1,12.7,0,0,2.0,16.0,128.0,2070.0,Qualcomm,MSM8916,3,5,2,1
3799.0,Micromax,Bharat,Black/Jet Black,0,1,12.7,0,0,1.0,16.0,32.0,2500.0,Micromax,MT6737,5,5,2,1
5999.0,Redmi,5A,Gold,0,1,12.7,0,0,2.0,16.0,128.0,3000.0,Qualcomm,425,3,5,2,1
3899.0,Karbonn,Aura,Champagne,0,0,12.7,0,1,1.0,16.0,32.0,4000.0,Mediatek,Mediatek,5,5,2,1
5499.0,Panasonic,P101,Gold,0,0,13.84,1,0,2.0,16.0,128.0,2500.0,Panasonic,MT6739WA,8,5,2,1
20990.0,OPPO,F3,Gold,1,1,13.97,0,0,4.0,64.0,128.0,3200.0,Mediatek,5GHz,3,0,3,0
10799.0,Mi,A2,Red,1,1,15.21,0,0,3.0,32.0,128.0,3010.0,Qualcomm,AIE,0,0,3,1
14799.0,Vivo,V9,Gold,1,1,16.0,0,0,4.0,64.0,256.0,3260.0,Qualcomm,626,6,4,3,1
13990.0,Vivo,Y17,Mineral Blue,0,1,16.13,0,0,4.0,128.0,256.0,5000.0,MTK,MTK,3,0,4,1
4999.0,Kult,Impulse,Black,0,1,15.21,0,0,3.0,32.0,64.0,4000.0,MTK,6739,3,0,1,0
7800.0,iVooMi,Me3S,Champagne Gold,0,1,13.21,0,0,3.0,32.0,128.0,3000.0,MediaTek,3GHz,3,8,2,1
8999.0,Lava,Z81,Black,0,1,14.48,0,0,3.0,32.0,128.0,3000.0,Lava,Core,3,3,2,1
6999.0,Lava,Z81,Black,0,1,14.48,0,0,2.0,16.0,128.0,3000.0,Lava,Core,3,3,2,1
12290.0,Vivo,Y93,Starry Black,0,1,15.8,0,0,4.0,32.0,256.0,4030.0,MediaTek,P22,3,8,3,1
7499.0,Yuho,Vast,Diamond Black,0,1,15.75,0,0,4.0,32.0,128.0,3000.0,Mediatek,Mediatek,3,0,1,0
7449.0,Redmi,6,Black,0,1,13.84,0,0,3.0,32.0,256.0,3000.0,Mediatek,Octacore,2,5,3,1
4999.0,Kult,Impulse,Blue,0,1,15.21,0,0,3.0,32.0,64.0,4000.0,MTK,6739,3,0,1,0
8990.0,XOLO,Omega,Black,0,1,12.7,0,0,1.0,8.0,32.0,2100.0,MTK,6592M,8,2,2,1
6399.0,Gionee,A1,Gold,0,1,13.46,0,0,3.0,32.0,256.0,4000.0,Gionee,WA,3,0,2,1
3899.0,Karbonn,Aura,Champagne,0,0,12.7,0,1,1.0,16.0,32.0,4000.0,Mediatek,Mediatek,5,5,2,1
18990.0,Vivo,V5s,Matte Black,0,1,13.97,0,0,4.0,64.0,256.0,3000.0,MediaTek,5GHz,3,0,2,1
18990.0,Vivo,V5s,Crown Gold,0,1,13.97,0,0,4.0,64.0,256.0,3000.0,MediaTek,5GHz,3,0,2,1
9489.0,Moto,X4,Super Black,1,1,13.21,0,0,3.0,32.0,128.0,3000.0,Qualcomm,630,2,6,3,1
73799.0,Samsung,Galaxy,Prism Black,0,1,16.26,0,0,8.0,128.0,512.0,4100.0,Exynos,9820,6,0,4,0
10799.0,Mi,A2,Red,1,1,15.21,0,0,3.0,32.0,128.0,3010.0,Qualcomm,AIE,0,0,3,1
5990.0,Panasonic,Eluga,Champagne Gold,0,1,12.7,0,0,3.0,32.0,128.0,2500.0,MediaTek,GHz,3,5,2,1
2790.0,Coolpad,Mega,Gold,0,1,12.7,0,0,1.0,16.0,32.0,2000.0,SC,SC9850K,5,2,2,1
4999.0,Kult,Impulse,Black,0,1,15.21,0,0,3.0,32.0,64.0,4000.0,MTK,6739,3,0,1,0
15990.0,Vivo,Y83,Gold,0,1,15.8,0,0,4.0,32.0,256.0,3260.0,Mediatek,P22,3,8,2,1
2709.0,LYF,Flame,Black,0,0,11.43,1,0,1.0,8.0,128.0,2000.0,Qualcomm,210,8,5,2,1
17499.0,Lenovo,X2-AP,Gold,1,1,12.7,0,0,3.0,32.0,128.0,2300.0,MediaTek,6595M,3,5,2,1
27990.0,HTC,Desire,Blue Lagoon,1,1,13.97,0,0,2.0,16.0,128.0,2600.0,Qualcomm,7GHz,3,3,2,1
31971.0,LG,G2,Black Gold,1,1,13.21,0,0,3.0,32.0,128.0,3000.0,Qualcomm,800,3,1,2,1
4999.0,Kult,Impulse,Blue,0,1,15.21,0,0,3.0,32.0,64.0,4000.0,MTK,6739,3,0,1,0
20000.0,LG,Q,Black,1,1,15.75,0,0,3.0,32.0,128.0,3300.0,MediaTek,core,6,8,2,1
6999.0,Lenovo,K8,Fine Gold,1,1,13.21,0,0,3.0,32.0,128.0,4000.0,MediaTek,GHz,3,8,3,1
13990.0,OPPO,A83,2018 Edition,0,0,14.48,0,1,3.0,32.0,128.0,3180.0,OPPO,MT6763T,3,8,2,1
29199.0,LG,V20,Silver,0,1,14.48,0,0,3.0,32.0,128.0,3200.0,Qualcomm,bit,6,5,2,1
9600.0,Samsung,Galaxy,Blue,0,1,13.97,0,0,2.0,16.0,256.0,3000.0,Exynos,7570,3,5,2,1
10799.0,Mi,A2,Red,1,1,15.21,0,0,3.0,32.0,128.0,3010.0,Qualcomm,AIE,0,0,3,1
12791.0,LG,Optimus,Black,0,0,11.43,0,1,1.0,4.0,32.0,2100.0,Snapdragon,Snapdragon,5,3,2,1
10990.0,Samsung,Galaxy,Gold,0,1,13.97,0,0,2.0,16.0,256.0,3000.0,Exynos,GHz,3,5,2,1
4999.0,Kult,Impulse,Black,0,1,15.21,0,0,3.0,32.0,64.0,4000.0,MTK,6739,3,0,1,0
24999.0,Moto,X,2nd Generation,1,1,13.21,0,0,3.0,32.0,128.0,2300.0,Qualcomm,AC,3,2,2,1
23999.0,Moto,X,2nd Generation,1,1,13.21,0,0,3.0,32.0,128.0,2300.0,Qualcomm,AC,3,2,2,1
7999.0,Mobiistar,XQ,Black,1,1,13.97,0,0,3.0,32.0,128.0,3000.0,Qualcomm,GHz,3,0,3,0
6249.0,Micromax,Vdeo,Grey,0,1,12.7,0,0,1.0,8.0,32.0,4000.0,Micromax,MSM8909,8,2,2,1
7999.0,Micromax,Canvas,White & Gold,0,1,12.7,0,0,2.0,16.0,32.0,2400.0,Mediatek,4GHz,3,5,2,1
53990.0,Samsung,Galaxy,Maple Gold,0,1,15.75,0,0,4.0,64.0,256.0,3500.0,Exynos,3GHz,2,8,2,1
4999.0,Kult,Impulse,Blue,0,1,15.21,0,0,3.0,32.0,64.0,4000.0,MTK,6739,3,0,1,0
9999.0,Mi,A2,Rose Gold,1,1,15.21,0,0,3.0,32.0,128.0,3010.0,Qualcomm,AIE,0,0,3,1
3899.0,Karbonn,Aura,Champagne,0,0,12.7,0,1,1.0,16.0,32.0,4000.0,Mediatek,Mediatek,5,5,2,1
8790.0,Lenovo,K8,Venom Black,1,1,13.97,0,0,4.0,64.0,128.0,4000.0,MTK,X23,3,3,3,1
17490.0,Micromax,Canvas,White,1,1,12.7,0,0,3.0,32.0,128.0,2000.0,MediaTek,6589T,3,5,2,1
8999.0,iVooMi,i1s,New Edition,0,1,13.84,0,0,3.0,32.0,128.0,3000.0,Mediatek,A53,3,8,3,1
10799.0,Mi,A2,Red,1,1,15.21,0,0,3.0,32.0,128.0,3010.0,Qualcomm,AIE,0,0,3,1
11890.0,Samsung,Galaxy,Blue,0,1,16.51,0,0,3.0,32.0,512.0,4000.0,Qualcomm,B01,3,8,4,1
4999.0,Karbonn,Aura,Black-Champagne,0,0,12.7,1,0,1.0,8.0,64.0,4000.0,Karbonn,1GHz,8,5,2,1
16999.0,Alcatel,Idol,Dark Grey,1,1,13.21,0,0,3.0,16.0,512.0,2610.0,Alcatel,MSM8952,3,8,2,1
16999.0,Alcatel,Idol,Metal Silver,1,1,13.21,0,0,3.0,16.0,512.0,2610.0,Alcatel,MSM8952,3,8,2,1
4189.0,Nuu,M3,Black,1,1,13.97,0,0,3.0,32.0,128.0,3200.0,Mediatek,Mediatek,8,5,2,1
4189.0,Nuu,M3,Gold,1,1,13.97,0,0,3.0,32.0,128.0,3200.0,Mediatek,Mediatek,8,5,2,1
6999.0,Micromax,Evok,Champagne,1,1,13.97,0,0,3.0,32.0,32.0,4000.0,Mediatek,3GHz,3,5,2,1
42021.0,LG,G,Titan,1,1,14.99,0,0,3.0,16.0,64.0,3200.0,Qualcomm,400,3,1,2,1
3899.0,Karbonn,Aura,Champagne,0,0,12.7,0,1,1.0,16.0,32.0,4000.0,Mediatek,Mediatek,5,5,2,1
17980.0,Vivo,V5,Crown gold,0,1,13.97,0,0,4.0,32.0,128.0,3000.0,MediaTek,5GHz,3,0,2,1
5199.0,SSKY,Pro,Iris Purple,0,1,15.9,0,0,2.0,16.0,64.0,3000.0,Mediatek,6737,8,0,4,0
11999.0,Micromax,Canvas,White,0,1,12.7,0,0,3.0,32.0,128.0,2000.0,Micromax,MT6582,8,2,2,1
9005.0,Micromax,Canvas,Grey,0,1,12.7,0,0,1.0,4.0,32.0,2000.0,Micromax,MT6582,8,2,2,1
3390.0,Karbonn,K9,Black Sandstone/Black Gold,0,0,12.7,0,1,1.0,8.0,8.0,2300.0,Karbonn,1GHz,5,0,1,0
5990.0,InFocus,M370i,Fashion White,0,1,12.7,0,0,2.0,16.0,64.0,2230.0,Qualcomm,MSM8909,8,2,2,1
14999.0,Asus,Zenfone,Silver,1,1,13.97,0,0,2.0,16.0,128.0,3000.0,Qualcomm,MSM8939,3,3,2,1
113900.0,Samsung,Galaxy,Ceramic White,0,1,16.26,0,0,3.0,32.0,128.0,4100.0,Exynos,9820,6,0,4,0
13999.0,Honor,6X,Grey,1,1,13.97,0,0,4.0,64.0,128.0,3340.0,Honor,655,2,8,3,1
12999.0,Asus,Padfone,White,0,0,10.16,0,1,1.0,8.0,64.0,1200.0,Intel,Z2560,8,2,2,1
3490.0,Forme,R7,Red&Black,0,1,12.7,0,0,3.0,16.0,64.0,2500.0,Mediatek,core,3,0,1,0
3899.0,Forme,R7,Champagne Gold,0,1,13.97,0,0,3.0,16.0,64.0,2500.0,Mediatek,core,3,0,1,0
5999.0,InFocus,Vision,Midnight Black,1,1,14.48,0,0,3.0,32.0,128.0,4000.0,MTK,3GHz,3,8,3,1
55990.0,Sony,Xperia,White,1,1,13.21,0,0,3.0,32.0,128.0,2930.0,Qualcomm,MSM8994,7,5,2,1
4999.0,LYF,Water,Black,0,1,12.7,0,0,3.0,16.0,64.0,2300.0,Mediatek,3GHz,3,5,2,1
10900.0,Nokia,6.1,Iron,1,1,13.97,0,0,3.0,32.0,128.0,3000.0,Qualcomm,630,6,0,1,0
3899.0,Coolpad,Mega,Grey,0,1,13.84,0,0,1.0,16.0,32.0,2500.0,Coolpad,Core,5,5,2,1
5388.0,Microsoft,Lumia,White,0,1,11.94,0,0,1.0,8.0,200.0,2100.0,Qualcomm,210,5,2,2,1
14999.0,Gionee,A1,Gold,1,1,13.97,0,0,4.0,64.0,256.0,4010.0,MediaTek,0GHz,3,6,2,1
9696.0,Gionee,A1,Black,1,1,13.97,0,0,4.0,64.0,256.0,4010.0,MediaTek,0GHz,3,6,2,1
4175.0,Forme,R7S,Black,0,1,13.97,0,0,3.0,16.0,64.0,2900.0,Mediatek,core,3,0,1,0
16999.0,Virat,FanBox,Black,0,1,12.7,0,0,2.0,16.0,32.0,2470.0,Qualcomm,Snapdragon,3,5,2,1
8999.0,Moto,G5s,Fine Gold,1,1,13.21,0,0,4.0,32.0,128.0,3000.0,Qualcomm,430,6,5,2,1
10799.0,Mi,A2,Red,1,1,15.21,0,0,3.0,32.0,128.0,3010.0,Qualcomm,AIE,0,0,3,1
17990.0,Samsung,Galaxy,Blue,1,1,15.24,0,0,4.0,64.0,512.0,3300.0,Exynos,Core,4,4,4,1
2798.0,Gionee,Pioneer,Black,0,0,11.43,1,0,1.0,8.0,32.0,1800.0,Gionee,A7,5,2,2,1
7370.0,Panasonic,Eluga,Silver,0,1,13.97,0,0,3.0,16.0,128.0,4000.0,MTK,MTK6735,3,5,2,1
4999.0,Kult,Impulse,Black,0,1,15.21,0,0,3.0,32.0,64.0,4000.0,MTK,6739,3,0,1,0
53990.0,Samsung,Galaxy,Midnight Black,0,1,15.75,0,0,4.0,64.0,256.0,3500.0,Exynos,3GHz,2,8,2,1
10500.0,Honor,7C,Blue,0,0,15.21,0,1,4.0,64.0,256.0,3000.0,Qualcomm,SDM450,3,8,3,1
1999.0,nuvo,Alpha,White,0,0,3.56,0,1,3.0,32.0,128.0,1400.0,nuvo,Core,2,3,2,1
4920.0,Micromax,Canvas,Jet Black,0,1,13.84,0,0,2.0,16.0,128.0,2500.0,MediaTek,bit,3,8,2,1
7499.0,Asus,Zenfone,Red,0,0,11.43,1,0,1.0,8.0,64.0,1750.0,Intel,Z2520,8,3,2,1
7499.0,Asus,Zenfone,Yellow,0,0,11.43,1,0,1.0,8.0,64.0,1750.0,Intel,Z2520,8,3,2,1
4999.0,Kult,Impulse,Blue,0,1,15.21,0,0,3.0,32.0,64.0,4000.0,MTK,6739,3,0,1,0
19990.0,Moto,Z2,Lunar Gray,1,1,13.97,0,0,3.0,32.0,128.0,3000.0,Qualcomm,2GHz,2,5,2,1
4099.0,Jivi,Prime,White & Gold,0,1,12.7,0,0,2.0,16.0,64.0,2400.0,Jivi,Core,8,0,4,0
3899.0,Karbonn,Aura,Champagne,0,0,12.7,0,1,1.0,16.0,32.0,4000.0,Mediatek,Mediatek,5,5,2,1
5229.0,Jivi,Prime,Black & Grey,0,1,12.7,0,0,2.0,16.0,64.0,2400.0,Jivi,Core,8,5,2,1
8899.0,Lenovo,K8,Fine Gold,1,1,13.97,0,0,4.0,64.0,128.0,4000.0,MTK,X23,3,3,3,1
3488.0,VOTO,V12,Black,0,1,12.7,0,0,3.0,32.0,128.0,3000.0,Spreadtrum,9832,3,5,2,1
10799.0,Mi,A2,Red,1,1,15.21,0,0,3.0,32.0,128.0,3010.0,Qualcomm,AIE,0,0,3,1
9490.0,Moto,M,Gold,1,1,13.97,0,0,4.0,64.0,128.0,3050.0,MediaTek,2GHz,6,8,2,1
7999.0,Moto,M,Gold,1,1,13.97,0,0,3.0,32.0,128.0,3050.0,MediaTek,2GHz,6,8,2,1
9999.0,Moto,M,Grey,1,1,13.97,0,0,4.0,64.0,128.0,3050.0,Mediatek,2GHz,6,8,2,1
4999.0,Kult,Impulse,Black,0,1,15.21,0,0,3.0,32.0,64.0,4000.0,MTK,6739,3,0,1,0
7999.0,LYF,Water,Black,1,1,13.21,0,0,3.0,32.0,128.0,3000.0,Qualcomm,8GHz,6,5,2,1
14998.0,InFocus,Snap,Midnight Black,0,0,13.21,0,1,3.0,32.0,128.0,3000.0,MTK,core,3,0,4,0
4999.0,Kult,Impulse,Blue,0,1,15.21,0,0,3.0,32.0,64.0,4000.0,MTK,6739,3,0,1,0
20990.0,Moto,Z2,Fine Gold,1,1,13.97,0,0,3.0,32.0,128.0,3000.0,Qualcomm,2GHz,2,5,2,1
2698.0,Gionee,Pioneer,White,0,0,11.43,1,0,1.0,8.0,32.0,1800.0,MediaTek,MediaTek,5,2,2,1
53990.0,HTC,U11,Solar Red,0,1,13.97,0,0,3.0,32.0,128.0,3050.0,Qualcomm,bit,2,6,2,1
18300.0,Nokia,6.1,Gold,1,1,13.97,0,0,4.0,64.0,128.0,3000.0,Qualcomm,630,6,0,1,0
9999.0,Coolpad,A,Royal Gold,0,0,13.97,0,1,3.0,32.0,128.0,2800.0,NA,5GHz,3,5,2,1
10999.0,Nokia,6.1,White,1,1,13.97,0,0,4.0,32.0,128.0,3000.0,Qualcomm,630,6,0,1,0
9000.0,Moto,M,Silver,1,1,13.97,0,0,3.0,32.0,128.0,3050.0,MediaTek,bit,6,8,2,1
9999.0,Moto,E5,Black,0,1,15.24,0,0,3.0,32.0,128.0,5000.0,Qualcomm,430,2,5,2,1
3599.0,XCCESS,A101,Blue,0,0,10.16,0,1,3.0,32.0,128.0,1600.0,Qualcomm,Core,2,3,2,1
19999.0,Samsung,Galaxy,Gold,1,1,15.24,0,0,4.0,64.0,512.0,3300.0,Exynos,Core,4,4,4,1
7499.0,Gionee,S10,Black,0,1,13.21,0,0,4.0,32.0,256.0,3100.0,Qualcomm,MSM8920,3,6,2,1
20136.0,Vivo,V9,Black,1,1,16.0,0,0,3.0,32.0,128.0,3260.0,Qualcomm,core,3,6,3,1
7600.0,Lenovo,K8,Venom Black,0,1,13.21,0,0,3.0,32.0,128.0,4000.0,MTK,P20,3,8,2,1
9753.0,Panasonic,Eluga,Marine Blue,0,1,12.7,0,0,3.0,32.0,128.0,4000.0,Mediatek,25GHz,3,5,3,1
5999.0,Gionee,X1s,Black,0,1,13.21,0,0,3.0,16.0,256.0,4000.0,Gionee,MT6737T,3,6,2,1
5999.0,Gionee,F103,Gold,0,1,12.7,0,0,3.0,16.0,128.0,2400.0,Mediatek,3GHz,3,5,2,1
4199.0,M-tech,Eros,Grey,0,1,12.7,0,0,1.0,8.0,32.0,2400.0,Spreadtrum,A7,5,2,2,1
16990.0,Samsung,Galaxy,Gold,0,0,14.22,0,1,3.0,32.0,128.0,3000.0,Samsung,Samsung,6,0,1,0
10899.0,OPPO,A71,Gold,0,1,13.21,0,0,3.0,16.0,256.0,3000.0,Mediatek,GHz,3,5,2,1
4000.0,LYF,C451,White,0,0,11.43,1,0,1.0,8.0,128.0,2800.0,LYF,8909,5,2,2,1
5999.0,Lenovo,K3,Black,1,1,13.97,0,0,2.0,16.0,32.0,2900.0,ARM,ARM,3,5,2,1
13999.0,Vivo,Y81,Black,0,1,15.8,0,0,4.0,32.0,256.0,3260.0,Vivo,Vivo,3,5,2,1
11190.0,Vivo,Y83,Black,0,1,15.8,0,0,4.0,64.0,256.0,3260.0,Mediatek,P22,3,8,3,1
8990.0,Vivo,Y71,Matte Black,0,1,15.24,0,0,3.0,16.0,256.0,3360.0,Qualcomm,425,3,5,2,1
10799.0,Mi,A2,Red,1,1,15.21,0,0,3.0,32.0,128.0,3010.0,Qualcomm,AIE,0,0,3,1
11999.0,Vivo,Y71,Gold,0,1,15.24,0,0,4.0,32.0,256.0,3360.0,Qualcomm,425,3,5,2,1
4999.0,Kult,Impulse,Black,0,1,15.21,0,0,3.0,32.0,64.0,4000.0,MTK,6739,3,0,1,0
2800.0,JIVI,Energy,Black,0,1,10.16,0,0,1.0,8.0,32.0,2300.0,SC,SC9832,5,2,2,1
9999.0,Lenovo,Vibe,Gold,1,1,13.97,0,0,3.0,32.0,128.0,3500.0,Mediatek,8GHz,3,8,2,1
9199.0,Moto,G6,Fine Gold,0,1,14.48,0,0,3.0,32.0,256.0,4000.0,Qualcomm,430,3,8,2,1
5590.0,Micromax,Canvas,Jet Black,0,1,14.48,0,0,2.0,16.0,64.0,4000.0,MediaTek,bit,3,8,2,1
4999.0,Kult,Impulse,Blue,0,1,15.21,0,0,3.0,32.0,64.0,4000.0,MTK,6739,3,0,1,0
10999.0,InFocus,Epic,Gold,1,1,13.97,0,0,3.0,32.0,128.0,3000.0,MediaTek,3GHz,6,8,2,1
6895.0,Panasonic,P99,Blue,0,1,12.7,0,0,2.0,16.0,128.0,2000.0,Panasonic,MT6737,8,5,2,1
3899.0,Karbonn,Aura,Champagne,0,0,12.7,0,1,1.0,16.0,32.0,4000.0,Mediatek,Mediatek,5,5,2,1
12722.0,Honor,7X,Blue,1,1,15.06,0,0,4.0,32.0,256.0,3050.0,Honor,659,6,8,3,1
14000.0,Honor,7X,Gold,1,1,15.06,0,0,4.0,32.0,256.0,3050.0,Honor,659,6,8,3,1
10799.0,Mi,A2,Red,1,1,15.21,0,0,3.0,32.0,128.0,3010.0,Qualcomm,AIE,0,0,3,1
14500.0,Honor,7X,Red,1,1,15.06,0,0,4.0,32.0,256.0,3050.0,Honor,659,6,8,3,1
15500.0,Honor,7X,Gold,0,0,15.06,0,1,3.0,32.0,128.0,3340.0,Honor,659,6,0,1,0
15499.0,Samsung,Galaxy,Blue,0,1,15.24,0,0,4.0,64.0,256.0,3500.0,Qualcomm,SDM450,6,6,3,1
3899.0,Ziox,Astra,Silver,0,0,12.7,1,0,1.0,8.0,32.0,3000.0,SC,SC,5,2,2,1
4999.0,Kult,Impulse,Black,0,1,15.21,0,0,3.0,32.0,64.0,4000.0,MTK,6739,3,0,1,0
6499.0,Gionee,F103,White,0,1,12.7,0,0,3.0,16.0,128.0,2400.0,Gionee,MT6735,3,5,2,1
13099.0,Samsung,Galaxy,Red,0,1,16.26,0,0,3.0,32.0,512.0,4000.0,Exynos,7884B,3,8,3,1
12000.0,Samsung,Galaxy,Gold,0,1,13.97,0,0,3.0,32.0,256.0,3000.0,Exynos,GHz,3,5,2,1
7492.0,LYF,Water,White,0,1,12.7,0,0,3.0,16.0,128.0,2600.0,Qualcomm,5GHz,3,5,2,1
3990.0,XOLO,Omega,White,0,1,12.7,0,0,1.0,8.0,32.0,2100.0,MTK,6592M,8,2,2,1
4999.0,Kult,Impulse,Blue,0,1,15.21,0,0,3.0,32.0,64.0,4000.0,MTK,6739,3,0,1,0
7990.0,Micromax,Canvas,White and Gold,0,1,12.7,0,0,1.0,16.0,32.0,2000.0,Micromax,MT6592,3,5,2,1
8299.0,Gionee,X-1,Gold,0,1,12.7,0,0,2.0,16.0,256.0,3000.0,Gionee,MT6737,8,8,2,1
3899.0,Karbonn,Aura,Champagne,0,0,12.7,0,1,1.0,16.0,32.0,4000.0,Mediatek,Mediatek,5,5,2,1
5999.0,Panasonic,Eluga,Blue,0,1,12.7,0,0,3.0,32.0,128.0,2500.0,MediaTek,GHz,3,5,2,1
14499.0,Vivo,Y66,Matte Black,0,1,13.97,0,0,3.0,32.0,256.0,3000.0,MediaTek,5GHz,3,6,2,1
5189.0,Gionee,F103,Black,0,1,12.7,0,0,2.0,16.0,32.0,2400.0,Gionee,MT6735,8,5,2,1
6110.0,Celkon,Diamond,Gold,0,1,12.7,0,0,1.0,16.0,32.0,2500.0,Celkon,A7,8,2,2,1
10799.0,Mi,A2,Red,1,1,15.21,0,0,3.0,32.0,128.0,3010.0,Qualcomm,AIE,0,0,3,1
2299.0,nuvo,BLUE,White,0,0,10.16,0,1,3.0,32.0,128.0,1350.0,Mediatek,Core,2,3,2,1
2799.0,Gionee,P5_W,Black,0,1,12.7,0,0,1.0,16.0,32.0,2000.0,Mediatek,3GHz,5,2,2,1
4999.0,Kult,Impulse,Black,0,1,15.21,0,0,3.0,32.0,64.0,4000.0,MTK,6739,3,0,1,0
6999.0,Micromax,Q355,Blue,0,0,13.97,1,0,1.0,8.0,32.0,2820.0,Micromax,core,5,0,1,0
18000.0,OPPO,F3,Rose Gold,1,1,13.97,0,0,4.0,64.0,128.0,3200.0,Mediatek,MT6750T,3,0,3,0
8999.0,Samsung,Galaxy,Gold,0,1,13.97,0,0,5.0,16.0,128.0,3000.0,Exynos,5GHz,3,5,2,1
12000.0,Vivo,Y71,Matte Black,0,1,15.24,0,0,4.0,32.0,256.0,3360.0,Qualcomm,425,3,5,2,1
14500.0,Vivo,Y83,Gold,0,1,15.8,0,0,4.0,64.0,256.0,3260.0,Mediatek,P22,3,8,3,1
7500.0,LYF,Water,Gold,0,1,12.7,0,0,3.0,16.0,32.0,2100.0,LYF,3GHz,3,5,2,1
14990.0,Vivo,Y81,Gold,0,1,15.8,0,0,4.0,32.0,256.0,3260.0,Vivo,Vivo,3,5,2,1
6799.0,Gionee,S6,Gold,1,1,13.97,0,0,4.0,32.0,128.0,3130.0,MediaTek,bit,3,8,2,1
3800.0,Ziox,Astra,Black,0,0,12.7,0,1,1.0,16.0,32.0,3000.0,Mediatek,Mediatek,5,5,2,1
8000.0,Gionee,P7,Gold,0,1,12.7,0,0,2.0,16.0,128.0,2300.0,Gionee,3GHz,8,5,2,1
12000.0,Gionee,P7,White,0,1,12.7,0,0,2.0,16.0,128.0,2300.0,Gionee,3GHz,8,5,2,1
6199.0,Lava,Z81,Gold,0,1,14.48,0,0,2.0,16.0,128.0,3000.0,Lava,Core,3,3,2,1
4099.0,JIVI,PRIME,Gold,0,1,12.7,0,0,1.0,8.0,64.0,2400.0,SC,SC9832,8,5,2,1
6999.0,Lenovo,A7700,White,0,1,13.97,0,0,2.0,16.0,32.0,2900.0,MediaTek,bit,8,2,2,1
8110.0,Celkon,Cliq,Black&Grey,0,0,12.7,0,1,3.0,32.0,128.0,3000.0,Celkon,A53,6,8,2,1
13999.0,Nokia,6.1,Copper,1,1,13.97,0,0,4.0,32.0,128.0,3000.0,Qualcomm,630,6,0,1,0
4299.0,Micromax,Canvas,Maple Wood,0,1,12.7,0,0,3.0,32.0,128.0,2000.0,Mediatek,1GHz,8,5,2,1
9999.0,Nokia,5,Silver,0,1,13.21,0,0,3.0,16.0,128.0,3000.0,Qualcomm,bit,3,8,2,1
16900.0,Samsung,Galaxy,Gold,1,1,13.97,0,0,3.0,64.0,128.0,3600.0,Exynos,6GHz,3,3,2,1
3995.0,Micromax,Bolt,Black,0,0,12.7,1,0,1.0,8.0,32.0,2000.0,Spreadtrum,3GHz,5,3,2,1
6699.0,Panasonic,ELUGA,Silver Grey,0,1,12.7,0,0,2.0,16.0,32.0,2800.0,Mediatek,MTK6737V,8,5,2,1
5853.0,Yuho,Y1,Sky Grey Black,0,0,12.7,0,1,1.0,8.0,32.0,2150.0,SC,28nm,8,0,1,0
12999.0,Samsung,Galaxy,Blue,0,1,15.24,0,0,4.0,64.0,512.0,3300.0,Qualcomm,SD425,3,8,3,1
12499.0,Samsung,Galaxy,Gold,0,1,12.7,0,0,3.0,32.0,256.0,2400.0,Exynos,4GHz,3,5,2,1
5750.0,Celkon,UFEEL,Black,0,0,12.7,0,1,1.0,8.0,32.0,2000.0,Celkon,A7,5,2,2,1
4495.0,Intex,Aqua,Pink,0,1,11.94,0,0,1.0,8.0,32.0,1850.0,Intex,Chipset,8,8,2,1
6450.0,LYF,Wind,Black,0,0,12.7,0,1,3.0,32.0,128.0,4000.0,LYF,3GHz,8,0,1,0
13500.0,Tecno,i5,Gold,0,0,13.97,0,1,3.0,32.0,128.0,4000.0,MediaTek,MT6737T,3,0,1,0
4999.0,Itel,A46,Gradation Diamond Gray,0,1,13.84,0,0,1.0,16.0,128.0,2350.0,Itel,Itel,8,5,3,1
4999.0,Itel,A46,Gradation Red,0,1,13.84,0,0,1.0,16.0,128.0,2350.0,Itel,Itel,8,5,3,1
4500.0,Micromax,Canvas,Moon Dust Grey,0,1,12.7,0,0,3.0,32.0,128.0,2000.0,Micromax,1GHz,8,0,1,0
5600.0,Micromax,Canvas,Black,0,1,11.43,0,0,1.0,8.0,32.0,1850.0,MediaTek,MT6582M,5,2,2,1
6480.0,Yu,Yureka,Moon Dust Grey,1,1,13.97,0,0,2.0,16.0,32.0,2500.0,Qualcomm,bit,3,5,2,1
3889.0,Ssky,Y777,Black,0,0,12.7,1,0,1.0,8.0,32.0,2450.0,Ssky,Core,5,2,2,1
5299.0,ZOPO,Color,Matte White,0,1,12.7,0,0,1.0,16.0,64.0,2100.0,ZOPO,MT6737M,5,2,2,1
13999.0,Samsung,Galaxy,Black,0,1,15.24,0,0,4.0,64.0,512.0,3300.0,Qualcomm,SD425,3,8,3,1
7000.0,LYF,Water,Silver,0,1,13.97,0,0,2.0,16.0,32.0,3000.0,Qualcomm,MSM8939,3,5,2,1
13900.0,Vivo,Y69,Matte Black,0,1,13.97,0,0,3.0,32.0,256.0,3000.0,Mediatek,5GHz,3,6,2,1
13990.0,Vivo,Y69,Gold,0,1,13.97,0,0,3.0,32.0,256.0,3000.0,Mediatek,5GHz,3,6,2,1
3899.0,Ziox,Astra,Champagne,0,0,12.7,0,1,1.0,8.0,32.0,2450.0,Mediatek,Mediatek,5,2,2,1
6850.0,Celkon,Diamond,Gold,0,1,12.7,0,0,2.0,16.0,32.0,2500.0,Celkon,A7,8,2,2,1
4199.0,ZOPO,Color,White,0,1,12.7,0,0,1.0,8.0,64.0,2100.0,MTK,MT6735,8,0,1,0
7800.0,Micromax,Canvas,Black Silver,0,1,12.7,0,0,1.0,4.0,32.0,1950.0,MTK,6572AW,5,3,2,1
9299.0,Panasonic,Eluga,Gun Metal Silver,0,1,12.7,0,0,3.0,16.0,128.0,2500.0,Panasonic,bit,3,5,2,1
5490.0,ZOPO,Color,Peach,0,1,12.7,0,0,1.0,16.0,64.0,2100.0,ZOPO,MT6737M,5,2,2,1
7890.0,Panasonic,Eluga,Gold,0,1,12.7,0,0,2.0,16.0,128.0,2200.0,MTK,MTK6737,8,5,2,1
8999.0,LYF,Earth,White,1,1,13.97,0,0,3.0,32.0,32.0,3500.0,Qualcomm,5GHz,3,5,2,1
4400.0,Micromax,Bolt,Black,0,0,12.7,0,1,3.0,32.0,128.0,2000.0,ARM,A5,2,3,2,1
12999.0,Gionee,Marathon,Gold,0,1,12.7,0,0,3.0,32.0,32.0,4000.0,Gionee,3GHz,8,5,2,1
4449.0,Asus,Zenfone,Gold,0,0,11.43,1,0,1.0,8.0,64.0,2070.0,Qualcomm,200,5,3,2,1
5998.0,Micromax,Canvas,Black,1,1,13.97,0,0,4.0,16.0,64.0,3000.0,Mediatek,2GHz,3,5,2,1
4999.0,Ssky,Y888,Red,0,1,13.97,0,0,2.0,16.0,64.0,3000.0,Ssky,WA,3,5,2,1
4999.0,Ssky,Y888,Black,0,1,13.97,0,0,2.0,16.0,64.0,3000.0,Ssky,WA,3,5,2,1
4999.0,Ssky,Y888,Blue,0,1,13.97,0,0,2.0,16.0,64.0,3000.0,Ssky,WA,3,5,2,1
5555.0,Panasonic,P66,Russet Brown,0,1,12.7,0,0,2.0,16.0,32.0,3200.0,Panasonic,3GHz,8,5,2,1
4999.0,ZOPO,COLOR,Champagne Gold,0,1,12.7,0,0,2.0,16.0,64.0,2100.0,Mediatek,MT6737,8,5,2,1
7999.0,Samsung,Galaxy,Black,0,0,12.7,0,1,2.0,16.0,256.0,2600.0,Snapdragon,425,8,5,2,1
4999.0,Okwu,Pi,Blue,1,1,12.7,0,0,3.0,16.0,64.0,2500.0,Snapdragon,Snapdragon,3,8,2,1
5950.0,LYF,F8,Black,0,0,11.43,1,0,1.0,8.0,128.0,2000.0,Qualcomm,MSM8909,8,0,1,0
7950.0,Panasonic,Eluga,Marine Blue,0,1,13.21,0,0,3.0,32.0,128.0,5000.0,Panasonic,MT6737,3,5,2,1
5699.0,Lava,A76,White,0,0,11.43,1,0,1.0,8.0,32.0,1850.0,SC,SC9830A,5,3,2,1
5949.0,Celkon,UFEEL,Black & Gold,0,1,12.7,0,0,2.0,16.0,32.0,2500.0,Celkon,A7,8,5,2,1
6999.0,Samsung,On7,Black,0,0,13.97,0,1,3.0,32.0,128.0,3000.0,Samsung,Samsung,3,5,2,1
7395.0,Yuho,Vast,Diamond Blue,0,1,15.75,0,0,3.0,32.0,128.0,3000.0,Mediatek,Mediatek,3,3,2,1
14663.0,Lenovo,K6,Grey,0,0,13.97,0,1,3.0,32.0,128.0,4000.0,Lenovo,4GHz,6,0,1,0
9999.0,Samsung,Galaxy,Blue,0,1,13.97,0,0,3.0,32.0,256.0,3000.0,Exynos,7570,3,5,2,1
36999.0,LG,G7,Black,0,1,15.49,0,0,3.0,32.0,128.0,3000.0,Qualcomm,845,6,8,3,1
36999.0,LG,G7,Platinum,0,1,15.49,0,0,3.0,32.0,128.0,3000.0,Qualcomm,845,6,8,3,1
20490.0,Samsung,Galaxy,Black,1,1,13.97,0,0,3.0,64.0,128.0,3600.0,Exynos,6GHz,3,3,2,1
19995.0,Samsung,J7,Black,1,1,14.48,0,0,4.0,32.0,256.0,3300.0,Mediatek,69GHz,3,3,2,1
15000.0,ZOPO,ZP951,White,1,1,12.7,0,0,3.0,16.0,64.0,2500.0,MTK,process,2,5,2,1
5999.0,Panasonic,P99,Black,0,1,12.7,0,0,2.0,16.0,128.0,2000.0,Panasonic,MT6737,8,5,2,1
4999.0,Gionee,P5,Black,0,0,11.43,1,0,1.0,8.0,128.0,1850.0,Gionee,3GHz,5,2,2,1
7999.0,Samsung,Galaxy,Black,0,1,13.97,0,0,5.0,8.0,128.0,3000.0,Qualcomm,2GHz,3,5,2,1
7199.0,Samsung,Galaxy,Gold,0,1,13.97,0,0,5.0,8.0,128.0,3000.0,Qualcomm,2GHz,3,5,2,1
7777.0,Panasonic,ELUGA,Champagne Gold,0,1,12.7,0,0,2.0,16.0,32.0,2800.0,Mediatek,MTK6737V,8,5,2,1
17990.0,Samsung,Galaxy,Black,0,1,13.97,0,0,4.0,32.0,256.0,3000.0,Exynos,7884,3,8,3,1
5599.0,Lava,X41,Black,0,1,12.7,0,0,2.0,32.0,32.0,2500.0,SC,SC882,8,5,2,1
5599.0,Lava,X41,Gold,0,1,12.7,0,0,2.0,32.0,32.0,2500.0,SC,SC882,8,5,2,1
5555.0,Panasonic,P66,Electric Blue,0,1,12.7,0,0,2.0,16.0,32.0,3200.0,Panasonic,3GHz,8,5,2,1
12586.0,Lenovo,A7000,Black,0,1,13.97,0,0,2.0,16.0,32.0,2900.0,MediaTek,MediaTek,3,5,2,1
8377.0,Lenovo,A6600,White,0,1,12.7,0,0,2.0,16.0,32.0,2300.0,MediaTek,1GHz,8,2,2,1
3999.0,LYF,C459,Blue,0,0,11.43,1,0,1.0,8.0,128.0,2000.0,LYF,8909,5,2,2,1
3999.0,LYF,C459,Black,0,0,11.43,1,0,1.0,8.0,128.0,2000.0,LYF,8909,5,2,2,1
18000.0,Samsung,Galaxy,Red,1,1,16.26,0,0,4.0,64.0,512.0,4000.0,Exynos,7904,6,6,3,1
65000.0,Google,Pixel,Very Silver,0,1,13.97,0,0,3.0,32.0,128.0,3450.0,Qualcomm,15GHz,3,8,2,1
6300.0,Panasonic,T45,Black,0,1,11.43,0,0,1.0,8.0,32.0,1800.0,Panasonic,1,5,3,2,1
12999.0,Lenovo,S90,Grey,0,1,12.7,0,0,3.0,32.0,128.0,2300.0,Qualcomm,Core,3,8,2,1
6600.0,Lava,X17,Champagne & Gold,0,1,12.7,0,0,1.0,8.0,32.0,2350.0,Spreadtrum,5GHz,8,5,2,1
55000.0,Google,Pixel,Very Silver,0,1,13.97,0,0,3.0,32.0,128.0,3450.0,Qualcomm,15GHz,3,8,2,1
14500.0,Samsung,Galaxy,Black,0,1,12.7,0,0,2.0,16.0,256.0,2400.0,Exynos,4GHz,3,5,2,1
69000.0,Google,Pixel,Quite Black,0,1,13.97,0,0,3.0,32.0,128.0,3450.0,Qualcomm,15GHz,3,8,2,1
10480.0,Samsung,Galaxy,Gold,0,1,12.7,0,0,2.0,16.0,128.0,2600.0,Spreadtrum,5GHz,8,5,2,1
11999.0,Lava,Z10,Gold,0,1,12.7,0,0,2.0,16.0,128.0,2620.0,Lava,bit,8,5,2,1
9499.0,Samsung,Galaxy,Gold,0,1,15.24,0,0,2.0,32.0,512.0,3300.0,Qualcomm,SD425,3,5,2,1
29899.0,Nokia,8.1,Iron,1,1,15.7,0,0,3.0,32.0,128.0,3500.0,Qualcomm,710,2,0,3,1
11046.0,Samsung,J7,Gold,1,1,14.48,0,0,4.0,32.0,256.0,3300.0,Mediatek,69GHz,3,3,2,1
1190.0,HPL,A35,Black,0,0,8.89,0,1,3.0,32.0,128.0,1400.0,Spentrum,Spentrum,2,3,2,1
11190.0,Vivo,Y53,Crown Gold,0,0,12.7,0,1,2.0,16.0,256.0,2500.0,Qualcomm,4GHz,8,5,2,1
5499.0,Moto,C,Starry Black,0,0,12.7,0,1,3.0,32.0,128.0,2350.0,Moto,bit,5,0,1,0
6799.0,Samsung,Galaxy,White,0,1,11.94,0,0,1.0,8.0,128.0,2000.0,Exynos,3GHz,5,2,2,1
6200.0,Samsung,Galaxy,Black,0,1,12.7,0,0,1.0,8.0,256.0,2600.0,Exynos,7570,8,5,2,1
8700.0,Samsung,Galaxy,Red,0,1,15.75,0,0,2.0,32.0,512.0,3400.0,Exynos,7884,3,5,2,1
9181.0,Honor,Holly,Gold,0,1,13.97,0,0,3.0,32.0,128.0,3000.0,Honor,2GHz,3,8,2,1
